employee_id,attendance_date,check_in,check_out,status
1,25-05-2026,09:25:00,18:29:00,Present
2,25-05-2026,09:23:00,18:50:00,Present
3,25-05-2026,09:04:00,18:12:00,Present
4,25-05-2026,09:18:00,18:47:00,Present
5,25-05-2026,09:01:00,18:03:00,Present
6,25-05-2026,09:27:00,18:33:00,Present
7,25-05-2026,09:02:00,18:54:00,Present
8,25-05-2026,09:21:00,18:55:00,Present
9,25-05-2026,10:37:00,18:39:00,Late
10,25-05-2026,09:18:00,18:33:00,Present
11,25-05-2026,09:21:00,18:45:00,Present
12,25-05-2026,09:04:00,18:42:00,Present
13,25-05-2026,09:29:00,18:48:00,Present
14,25-05-2026,,,Absent
15,25-05-2026,09:03:00,18:04:00,Present
16,25-05-2026,09:04:00,18:59:00,Present
17,25-05-2026,10:23:00,19:10:00,Late
18,25-05-2026,09:09:00,18:39:00,Present
19,25-05-2026,09:16:00,18:00:00,Present
20,25-05-2026,09:29:00,18:42:00,Present
21,25-05-2026,09:08:00,18:07:00,Present
22,25-05-2026,09:04:00,18:17:00,Present
23,25-05-2026,09:10:00,18:13:00,Present
24,25-05-2026,09:16:00,18:31:00,Present
25,25-05-2026,09:01:00,18:05:00,Present
26,25-05-2026,09:01:00,18:00:00,Present
27,25-05-2026,11:10:00,19:35:00,Late
28,25-05-2026,09:03:00,18:04:00,Present
29,25-05-2026,09:04:00,18:34:00,Present
30,25-05-2026,09:17:00,18:09:00,Present
1,26-05-2026,,,Absent
2,26-05-2026,09:27:00,18:02:00,Present
3,26-05-2026,09:07:00,18:42:00,Present
4,26-05-2026,09:28:00,18:55:00,Present
5,26-05-2026,09:04:00,18:59:00,Present
6,26-05-2026,09:25:00,18:51:00,Present
7,26-05-2026,09:05:00,18:47:00,Present
8,26-05-2026,09:13:00,18:51:00,Present
9,26-05-2026,09:07:00,18:17:00,Present
10,26-05-2026,09:12:00,18:55:00,Present
11,26-05-2026,09:06:00,18:52:00,Present
12,26-05-2026,09:26:00,18:50:00,Present
13,26-05-2026,09:21:00,18:12:00,Present
14,26-05-2026,09:02:00,18:49:00,Present
15,26-05-2026,09:12:00,18:43:00,Present
16,26-05-2026,09:30:00,18:01:00,Present
17,26-05-2026,09:05:00,18:37:00,Present
18,26-05-2026,09:03:00,18:38:00,Present
19,26-05-2026,09:10:00,18:27:00,Present
20,26-05-2026,09:12:00,18:57:00,Present
21,26-05-2026,09:22:00,18:27:00,PRESENT
22,26-05-2026,09:17:00,18:43:00,Present
23,26-05-2026,09:21:00,18:12:00,Present
24,26-05-2026,11:39:00,19:42:00,Late
25,26-05-2026,09:09:00,18:32:00,Present
26,26-05-2026,09:12:00,18:44:00,Present
27,26-05-2026,11:42:00,19:43:00,Late
28,26-05-2026,09:18:00,14:25:00,Half-Day
29,26-05-2026,,,Absent
30,26-05-2026,09:18:00,18:38:00,Present
1,27-05-2026,09:14:00,18:43:00,Present
2,27-05-2026,09:28:00,18:50:00,Present
3,27-05-2026,09:09:00,18:32:00,Present
4,27-05-2026,09:02:00,18:52:00,Present
5,27-05-2026,09:09:00,18:14:00,Present
6,27-05-2026,10:15:00,19:39:00,Late
7,27-05-2026,11:56:00,18:45:00,Late
8,27-05-2026,09:07:00,18:09:00,Present
9,27-05-2026,,,Absent
10,27-05-2026,09:03:00,18:49:00,Present
11,27-05-2026,09:30:00,14:03:00,Half-Day
12,27-05-2026,09:03:00,18:29:00,Present
13,27-05-2026,09:16:00,18:35:00,Present
14,27-05-2026,09:28:00,18:28:00,Present
15,27-05-2026,09:16:00,18:27:00,Present
16,27-05-2026,09:28:00,18:10:00,Present
17,27-05-2026,09:08:00,18:48:00,Present
18,27-05-2026,09:24:00,18:49:00,Present
19,27-05-2026,09:08:00,18:28:00,Present
20,27-05-2026,09:08:00,18:21:00,Present
21,27-05-2026,09:04:00,18:09:00,Present
22,27-05-2026,09:22:00,18:13:00,Present
23,27-05-2026,09:17:00,18:29:00,Present
24,27-05-2026,09:13:00,18:24:00,Present
25,27-05-2026,09:22:00,18:01:00,Present
26,27-05-2026,09:12:00,18:30:00,PRESENT
27,27-05-2026,09:24:00,18:24:00,Present
28,27-05-2026,09:13:00,18:34:00,Present
29,27-05-2026,09:19:00,18:57:00,Present
30,27-05-2026,09:13:00,18:31:00,Present 
1,28-05-2026,09:21:00,18:51:00,Present
2,28-05-2026,09:14:00,13:39:00,Half-Day
3,28-05-2026,09:18:00,18:36:00,Present
4,28-05-2026,11:08:00,19:11:00,Late
5,28-05-2026,09:06:00,18:29:00,Present
6,28-05-2026,09:12:00,18:17:00,Present
7,28-05-2026,09:08:00,18:53:00,Present
8,28-05-2026,,,Absent
9,28-05-2026,09:11:00,18:14:00,Present
10,28-05-2026,09:20:00,18:02:00,Present
11,28-05-2026,09:06:00,18:53:00,Present 
12,28-05-2026,09:04:00,14:42:00,Half-Day
13,28-05-2026,09:14:00,18:44:00,Present
14,28-05-2026,09:19:00,18:38:00,Present
15,28-05-2026,09:24:00,18:52:00,Present
16,28-05-2026,09:18:00,18:01:00,Present
17,28-05-2026,09:29:00,18:24:00,Present
18,28-05-2026,09:02:00,18:37:00,Present
19,28-05-2026,09:03:00,18:44:00,Present
20,28-05-2026,09:19:00,18:51:00,Present
21,28-05-2026,09:25:00,18:02:00,Present
22,28-05-2026,09:11:00,18:04:00,Present
23,28-05-2026,09:27:00,18:26:00,Present
24,28-05-2026,11:40:00,19:45:00,Late
25,28-05-2026,09:16:00,14:39:00,Half-Day
26,28-05-2026,09:15:00,18:29:00,Present
27,28-05-2026,09:08:00,18:20:00,Present
28,28-05-2026,09:02:00,18:17:00,Present
29,28-05-2026,09:14:00,18:36:00,Present
30,28-05-2026,09:00:00,18:31:00,Present
1,29-05-2026,09:06:00,18:22:00,Present
2,29-05-2026,09:28:00,18:38:00,Present
3,29-05-2026,09:00:00,18:33:00,Present
4,29-05-2026,11:31:00,18:44:00,Late
5,29-05-2026,09:14:00,18:50:00,Present 
6,29-05-2026,09:12:00,18:44:00,Present
7,29-05-2026,09:11:00,18:30:00,Present
8,29-05-2026,09:23:00,18:35:00,Present
9,29-05-2026,09:08:00,18:19:00,Present
10,29-05-2026,10:20:00,18:47:00,Late
11,29-05-2026,09:05:00,18:12:00,Present
12,29-05-2026,09:23:00,18:37:00,Present
13,29-05-2026,09:09:00,18:06:00,Present
14,29-05-2026,09:11:00,18:11:00,Present
15,29-05-2026,09:04:00,18:17:00,Present
16,29-05-2026,11:44:00,18:40:00,Late
17,29-05-2026,09:27:00,18:00:00,Present
18,29-05-2026,09:14:00,18:21:00,Present
19,29-05-2026,11:07:00,18:25:00,Late
20,29-05-2026,09:21:00,18:03:00,Present
21,29-05-2026,09:30:00,18:19:00,Present
22,29-05-2026,09:17:00,18:48:00,Present
23,29-05-2026,09:19:00,18:14:00,Present
24,29-05-2026,09:29:00,18:28:00,Present
25,29-05-2026,09:13:00,18:19:00,Present
26,29-05-2026,10:48:00,18:40:00,Late
27,29-05-2026,09:05:00,18:15:00,Present
28,29-05-2026,10:26:00,19:44:00,Late
29,29-05-2026,09:07:00,18:18:00,Present
30,29-05-2026,09:14:00,18:04:00,Present
1,30-05-2026,09:25:00,18:50:00,Present
2,30-05-2026,09:29:00,18:12:00,Present
3,30-05-2026,09:20:00,18:09:00,Present
4,30-05-2026,09:02:00,18:03:00,Present
5,30-05-2026,09:23:00,18:52:00,Present
6,30-05-2026,09:03:00,18:29:00,Present
7,30-05-2026,09:30:00,18:17:00,Present
8,30-05-2026,09:02:00,18:38:00,Present
9,30-05-2026,09:10:00,18:38:00,Present
10,30-05-2026,10:48:00,19:36:00,Late
11,30-05-2026,09:15:00,18:33:00,Present
12,30-05-2026,09:05:00,18:37:00,Present
13,30-05-2026,09:02:00,18:30:00,Present
14,30-05-2026,09:21:00,18:06:00,Present
15,30-05-2026,09:22:00,18:31:00,Present
16,30-05-2026,09:26:00,18:48:00,Present
17,30-05-2026,09:10:00,18:16:00,Present
18,30-05-2026,09:12:00,18:55:00,Present
19,30-05-2026,09:21:00,18:55:00,Present
20,30-05-2026,09:06:00,18:33:00,Present
21,30-05-2026,09:20:00,18:28:00,Present
22,30-05-2026,09:17:00,18:08:00,Present
23,30-05-2026,09:22:00,18:31:00,Present
24,30-05-2026,09:19:00,18:51:00,Present
25,30-05-2026,09:17:00,13:35:00,Half-Day
26,30-05-2026,09:26:00,18:58:00,Present
27,30-05-2026,09:20:00,18:53:00,Present
28,30-05-2026,09:09:00,18:32:00,Present
29,30-05-2026,09:15:00,18:30:00,Present
30,30-05-2026,09:12:00,18:12:00,Present
1,01-06-2026,09:28:00,18:08:00,Present
2,01-06-2026,09:25:00,18:54:00,Present
3,01-06-2026,09:16:00,18:17:00,Present
4,01-06-2026,09:09:00,18:53:00,Present
5,01-06-2026,09:15:00,18:55:00,Present
6,01-06-2026,09:11:00,18:21:00,Present
7,01-06-2026,09:14:00,18:59:00,Present
8,01-06-2026,09:22:00,18:15:00,Present
9,01-06-2026,09:24:00,18:26:00,Present
10,01-06-2026,09:22:00,18:58:00,Present
11,01-06-2026,09:21:00,18:50:00,Present
12,01-06-2026,09:15:00,18:02:00,Present
13,01-06-2026,09:10:00,18:55:00,Present
14,01-06-2026,09:03:00,18:33:00,Present
15,01-06-2026,,,Absent
16,01-06-2026,09:04:00,18:04:00,Present
17,01-06-2026,09:10:00,18:39:00,Present
18,01-06-2026,09:27:00,18:21:00,Present
19,01-06-2026,09:12:00,18:20:00,Present
20,01-06-2026,09:15:00,18:55:00,Present
21,01-06-2026,09:07:00,18:40:00,Present
22,01-06-2026,09:07:00,18:47:00,Present
23,01-06-2026,09:24:00,18:40:00,Present
24,01-06-2026,10:44:00,19:57:00,Late 
25,01-06-2026,09:01:00,18:18:00,Present
26,01-06-2026,09:07:00,18:33:00,Present
27,01-06-2026,09:05:00,18:10:00,Present
28,01-06-2026,09:12:00,18:39:00,Present
29,01-06-2026,09:18:00,18:09:00,Present
30,01-06-2026,09:14:00,18:16:00,Present
1,02-06-2026,09:14:00,18:57:00,Present
2,02-06-2026,09:02:00,18:28:00,Present
3,02-06-2026,09:09:00,18:40:00,Present
4,02-06-2026,09:14:00,18:54:00,Present
5,02-06-2026,09:27:00,18:30:00,Present
6,02-06-2026,09:11:00,18:36:00,Present
7,02-06-2026,09:00:00,18:53:00,Present
8,02-06-2026,09:18:00,18:55:00,Present
9,02-06-2026,09:01:00,18:58:00,Present
10,02-06-2026,09:28:00,18:57:00,Present
11,02-06-2026,09:19:00,18:51:00,Present
12,02-06-2026,09:19:00,18:16:00,Present
13,02-06-2026,09:21:00,18:43:00,Present
14,02-06-2026,09:28:00,18:40:00,Present
15,02-06-2026,09:14:00,18:02:00,Present
16,02-06-2026,09:02:00,18:58:00,Present
17,02-06-2026,09:05:00,18:12:00,Present
18,02-06-2026,09:11:00,18:33:00,Present
19,02-06-2026,09:05:00,18:16:00,Present
20,02-06-2026,09:30:00,18:51:00,Present
21,02-06-2026,09:25:00,18:07:00,Present
22,02-06-2026,10:55:00,19:54:00,Late
23,02-06-2026,09:25:00,18:25:00,PRESENT
24,02-06-2026,09:14:00,18:23:00,Present
25,02-06-2026,09:18:00,18:24:00,Present
26,02-06-2026,09:03:00,18:43:00,Present
27,02-06-2026,,,Absent
28,02-06-2026,09:29:00,18:39:00,Present
29,02-06-2026,11:58:00,19:41:00,Late
30,02-06-2026,10:19:00,19:07:00,Late
1,03-06-2026,09:04:00,18:24:00,Present
2,03-06-2026,09:23:00,18:44:00,Present
3,03-06-2026,09:23:00,18:46:00,Present
4,03-06-2026,09:03:00,18:53:00,Present
5,03-06-2026,09:30:00,18:17:00,Present
6,03-06-2026,09:14:00,18:28:00,Present
7,03-06-2026,09:03:00,18:43:00,Present
8,03-06-2026,09:20:00,18:22:00,Present
9,03-06-2026,09:30:00,18:07:00,Present
10,03-06-2026,09:02:00,18:42:00,Present
11,03-06-2026,09:00:00,18:03:00,Present
12,03-06-2026,09:04:00,18:50:00,Present
13,03-06-2026,10:37:00,18:52:00,Late
14,03-06-2026,09:04:00,18:50:00,Present
15,03-06-2026,,,Absent
16,03-06-2026,10:34:00,19:51:00,Late
17,03-06-2026,09:00:00,18:08:00,PRESENT
18,03-06-2026,09:07:00,18:37:00,Present
19,03-06-2026,09:01:00,13:47:00,Half-Day
20,03-06-2026,10:30:00,19:49:00,Late
21,03-06-2026,09:14:00,18:32:00,Present
22,03-06-2026,09:23:00,18:50:00,Present
23,03-06-2026,09:09:00,18:29:00,Present
24,03-06-2026,,,Absent
25,03-06-2026,09:13:00,18:43:00,Present
26,03-06-2026,09:14:00,18:04:00,Present
27,03-06-2026,09:04:00,18:04:00,Present
28,03-06-2026,09:18:00,18:35:00,Present
29,03-06-2026,09:19:00,18:33:00,Present
30,03-06-2026,09:13:00,18:06:00,Present
1,04-06-2026,10:27:00,19:56:00,Late
2,04-06-2026,09:14:00,18:25:00,Present
3,04-06-2026,11:20:00,19:23:00,Late
4,04-06-2026,09:15:00,18:04:00,Present
5,04-06-2026,11:06:00,19:51:00,Late
6,04-06-2026,11:42:00,18:26:00,Late
7,04-06-2026,09:24:00,18:27:00,Present
8,04-06-2026,09:30:00,18:18:00,Present
9,04-06-2026,09:18:00,18:32:00,Present
10,04-06-2026,09:07:00,18:54:00,Present
11,04-06-2026,09:11:00,18:07:00,Present
12,04-06-2026,09:25:00,18:27:00,Present
13,04-06-2026,09:26:00,18:39:00,Present
14,04-06-2026,09:00:00,18:38:00,Present
15,04-06-2026,09:08:00,18:01:00,Present
16,04-06-2026,09:09:00,18:58:00,Present
17,04-06-2026,,,Absent
18,04-06-2026,09:12:00,18:04:00,Present
19,04-06-2026,09:00:00,18:05:00,Present
20,04-06-2026,09:13:00,18:29:00,Present
21,04-06-2026,09:23:00,18:20:00,Present
22,04-06-2026,09:02:00,18:56:00,Present
23,04-06-2026,09:19:00,13:43:00,Half-Day
24,04-06-2026,09:13:00,18:31:00,Present
25,04-06-2026,09:06:00,18:48:00,Present
26,04-06-2026,09:03:00,18:18:00,Present
27,04-06-2026,09:16:00,18:42:00,Present
28,04-06-2026,09:19:00,18:03:00,PRESENT
29,04-06-2026,09:06:00,18:49:00,Present
30,04-06-2026,09:10:00,18:07:00,PRESENT
1,05-06-2026,09:05:00,18:08:00,Present
2,05-06-2026,09:16:00,18:35:00,Present
3,05-06-2026,09:02:00,18:25:00,Present
4,05-06-2026,,,Absent 
5,05-06-2026,09:27:00,18:20:00,Present
6,05-06-2026,09:22:00,18:40:00,Present
7,05-06-2026,10:20:00,18:51:00,Late
8,05-06-2026,09:22:00,18:58:00,Present
9,05-06-2026,09:03:00,18:15:00,Present
10,05-06-2026,09:02:00,18:25:00,Present
11,05-06-2026,09:07:00,18:21:00,Present
12,05-06-2026,10:33:00,18:57:00,Late
13,05-06-2026,09:30:00,18:52:00,Present
14,05-06-2026,10:09:00,19:12:00,Late
15,05-06-2026,09:24:00,13:11:00,Half-Day
16,05-06-2026,09:14:00,18:48:00,Present
17,05-06-2026,09:21:00,18:59:00,Present
18,05-06-2026,09:19:00,18:20:00,Present
19,05-06-2026,09:04:00,18:28:00,Present
20,05-06-2026,09:09:00,18:50:00,Present
21,05-06-2026,10:19:00,19:28:00,Late
22,05-06-2026,09:09:00,18:04:00,Present
23,05-06-2026,09:02:00,18:39:00,Present
24,05-06-2026,09:18:00,18:35:00,Present
25,05-06-2026,09:01:00,18:28:00,Present
26,05-06-2026,09:06:00,18:20:00,Present
27,05-06-2026,09:30:00,18:03:00,Present
28,05-06-2026,09:26:00,18:21:00,Present
29,05-06-2026,10:02:00,18:45:00,Late
30,05-06-2026,09:16:00,18:39:00,Present
1,06-06-2026,09:09:00,18:24:00,Present
2,06-06-2026,09:19:00,18:03:00,Present
3,06-06-2026,09:02:00,18:21:00,Present
4,06-06-2026,09:09:00,18:16:00,Present
5,06-06-2026,09:29:00,18:38:00,Present
6,06-06-2026,09:18:00,18:42:00,Present
7,06-06-2026,09:30:00,18:41:00,Present
8,06-06-2026,09:19:00,18:45:00,Present
9,06-06-2026,09:12:00,18:41:00,Present
10,06-06-2026,09:21:00,18:44:00,Present
11,06-06-2026,09:21:00,18:58:00,Present
12,06-06-2026,09:13:00,18:32:00,Present
13,06-06-2026,09:05:00,18:13:00,Present
14,06-06-2026,09:06:00,18:14:00,Present
15,06-06-2026,09:09:00,13:32:00,Half-Day
16,06-06-2026,09:28:00,18:33:00,Present
17,06-06-2026,09:24:00,18:39:00,Present
18,06-06-2026,09:05:00,18:11:00,Present
19,06-06-2026,09:25:00,18:57:00,Present
20,06-06-2026,09:13:00,18:23:00,Present
21,06-06-2026,09:14:00,18:39:00,Present
22,06-06-2026,09:14:00,18:14:00,Present
23,06-06-2026,09:25:00,18:50:00,Present
24,06-06-2026,09:11:00,18:43:00,Present
25,06-06-2026,09:14:00,18:49:00,Present
26,06-06-2026,09:16:00,18:26:00,Present
27,06-06-2026,09:25:00,18:38:00,Present
28,06-06-2026,09:20:00,18:30:00,Present
29,06-06-2026,09:03:00,18:45:00,Present
30,06-06-2026,09:09:00,18:05:00,Present
1,08-06-2026,09:28:00,18:32:00,Present
2,08-06-2026,09:30:00,18:58:00,Present
3,08-06-2026,09:11:00,18:59:00,Present 
4,08-06-2026,11:15:00,19:05:00,Late
5,08-06-2026,,,Absent
6,08-06-2026,09:20:00,18:21:00,Present
7,08-06-2026,11:58:00,19:44:00,Late
8,08-06-2026,09:15:00,18:28:00,Present
9,08-06-2026,09:00:00,18:16:00,Present
10,08-06-2026,11:07:00,19:15:00,Late
11,08-06-2026,,,Absent
12,08-06-2026,09:14:00,18:04:00,Present
13,08-06-2026,09:19:00,18:34:00,Present 
14,08-06-2026,09:07:00,18:45:00,Present
15,08-06-2026,09:19:00,18:22:00,Present
16,08-06-2026,09:21:00,18:42:00,Present
17,08-06-2026,09:02:00,18:33:00,Present
18,08-06-2026,09:16:00,18:35:00,Present 
19,08-06-2026,09:01:00,18:40:00,Present
20,08-06-2026,09:23:00,18:01:00,Present
21,08-06-2026,10:46:00,18:49:00,Late
22,08-06-2026,09:04:00,18:02:00,Present
23,08-06-2026,09:20:00,18:11:00,Present
24,08-06-2026,09:22:00,18:30:00,Present
25,08-06-2026,09:02:00,18:45:00,Present
26,08-06-2026,09:09:00,18:12:00,Present
27,08-06-2026,09:01:00,18:20:00,Present
28,08-06-2026,09:26:00,18:34:00,Present
29,08-06-2026,,,Absent
30,08-06-2026,09:27:00,18:49:00,Present
1,09-06-2026,09:08:00,18:07:00,Present
2,09-06-2026,09:12:00,18:47:00,Present
3,09-06-2026,09:10:00,18:11:00,Present
4,09-06-2026,09:29:00,18:51:00,Present
5,09-06-2026,09:23:00,18:27:00,Present
6,09-06-2026,09:26:00,18:11:00,Present
7,09-06-2026,09:02:00,18:20:00,Present
8,09-06-2026,09:19:00,18:45:00,Present
9,09-06-2026,09:11:00,18:28:00,Present
10,09-06-2026,09:11:00,18:39:00,Present
11,09-06-2026,09:25:00,18:03:00,Present
12,09-06-2026,09:11:00,18:32:00,Present
13,09-06-2026,09:30:00,18:01:00,Present
14,09-06-2026,09:25:00,18:28:00,Present
15,09-06-2026,11:23:00,19:36:00,Late
16,09-06-2026,09:14:00,14:23:00,Half-Day
17,09-06-2026,10:33:00,19:25:00,Late
18,09-06-2026,09:30:00,18:07:00,Present 
19,09-06-2026,09:16:00,18:24:00,Present
20,09-06-2026,11:45:00,19:13:00,Late
21,09-06-2026,09:29:00,18:31:00,Present
22,09-06-2026,10:28:00,18:57:00,Late
23,09-06-2026,09:25:00,18:43:00,Present
24,09-06-2026,09:21:00,18:22:00,Present
25,09-06-2026,09:09:00,18:57:00,Present
26,09-06-2026,09:22:00,13:50:00,Half-Day
27,09-06-2026,09:06:00,18:50:00,Present
28,09-06-2026,09:00:00,18:23:00,Present
29,09-06-2026,09:25:00,18:35:00,Present
30,09-06-2026,09:02:00,18:19:00,Present
1,10-06-2026,09:15:00,18:33:00,Present
2,10-06-2026,09:18:00,18:04:00,Present
3,10-06-2026,09:02:00,18:28:00,Present
4,10-06-2026,09:04:00,18:56:00,Present
5,10-06-2026,09:18:00,18:11:00,Present
6,10-06-2026,10:53:00,18:33:00,Late
7,10-06-2026,09:10:00,13:22:00,Half-Day
8,10-06-2026,09:09:00,18:54:00,Present
9,10-06-2026,09:30:00,18:35:00,Present
10,10-06-2026,09:19:00,18:34:00,Present
11,10-06-2026,09:18:00,18:37:00,Present
12,10-06-2026,09:23:00,18:57:00,Present
13,10-06-2026,09:18:00,18:02:00,Present
14,10-06-2026,,,Absent
15,10-06-2026,09:18:00,18:16:00,Present
16,10-06-2026,09:13:00,18:39:00,Present
17,10-06-2026,09:20:00,18:34:00,Present
18,10-06-2026,09:15:00,18:15:00,Present
19,10-06-2026,09:09:00,18:29:00,Present
20,10-06-2026,11:26:00,19:29:00,Late
21,10-06-2026,09:10:00,18:55:00,Present
22,10-06-2026,09:27:00,18:22:00,Present
23,10-06-2026,11:32:00,18:20:00,Late
24,10-06-2026,11:15:00,18:06:00,Late
25,10-06-2026,09:27:00,18:39:00,Present
26,10-06-2026,09:28:00,18:10:00,Present
27,10-06-2026,09:23:00,18:20:00,Present
28,10-06-2026,09:16:00,14:31:00,Half-Day
29,10-06-2026,09:02:00,18:25:00,Present
30,10-06-2026,09:06:00,18:37:00,Present
1,11-06-2026,11:38:00,19:18:00,Late
2,11-06-2026,09:13:00,18:08:00,Present
3,11-06-2026,09:24:00,18:25:00,Present
4,11-06-2026,09:18:00,18:35:00,Present
5,11-06-2026,09:02:00,18:24:00,Present
6,11-06-2026,09:08:00,18:52:00,Present
7,11-06-2026,09:03:00,18:08:00,Present
8,11-06-2026,09:25:00,18:21:00,Present
9,11-06-2026,09:04:00,18:12:00,Present
10,11-06-2026,09:01:00,18:02:00,Present
11,11-06-2026,09:25:00,18:30:00,Present
12,11-06-2026,10:20:00,19:10:00,Late
13,11-06-2026,09:26:00,18:19:00,Present
14,11-06-2026,09:16:00,18:34:00,Present
15,11-06-2026,09:15:00,18:52:00,Present 
16,11-06-2026,09:03:00,18:26:00,Present
17,11-06-2026,09:23:00,18:55:00,Present
18,11-06-2026,,,Absent
19,11-06-2026,09:25:00,18:49:00,Present
20,11-06-2026,09:01:00,18:37:00,Present
21,11-06-2026,09:23:00,18:39:00,Present
22,11-06-2026,09:26:00,18:43:00,Present
23,11-06-2026,09:22:00,18:07:00,Present
24,11-06-2026,09:13:00,18:09:00,Present
25,11-06-2026,09:16:00,18:49:00,Present
26,11-06-2026,09:27:00,18:47:00,Present
27,11-06-2026,09:16:00,18:13:00,Present
28,11-06-2026,09:15:00,18:33:00,Present
29,11-06-2026,09:14:00,18:58:00,Present
30,11-06-2026,09:21:00,18:49:00,Present
1,12-06-2026,09:25:00,18:44:00,Present
2,12-06-2026,09:30:00,18:15:00,Present
3,12-06-2026,09:30:00,18:19:00,Present
4,12-06-2026,09:22:00,18:45:00,Present
5,12-06-2026,09:17:00,18:59:00,Present
6,12-06-2026,09:09:00,18:07:00,Present
7,12-06-2026,09:28:00,18:25:00,Present
8,12-06-2026,09:25:00,18:09:00,Present
9,12-06-2026,09:22:00,18:05:00,Present
10,12-06-2026,09:08:00,18:47:00,Present
11,12-06-2026,09:17:00,18:17:00,Present
12,12-06-2026,09:04:00,18:06:00,Present
13,12-06-2026,09:07:00,18:03:00,Present
14,12-06-2026,09:20:00,18:14:00,Present
15,12-06-2026,09:22:00,18:30:00,Present
16,12-06-2026,09:00:00,18:35:00,Present
17,12-06-2026,09:20:00,14:30:00,Half-Day
18,12-06-2026,09:09:00,18:20:00,Present
19,12-06-2026,10:41:00,18:34:00,Late
20,12-06-2026,09:01:00,18:58:00,Present
21,12-06-2026,09:26:00,18:11:00,Present
22,12-06-2026,,,Absent
23,12-06-2026,09:05:00,18:59:00,Present
24,12-06-2026,09:09:00,18:56:00,Present
25,12-06-2026,09:19:00,18:06:00,Present
26,12-06-2026,09:14:00,18:41:00,Present
27,12-06-2026,09:30:00,18:08:00,Present
28,12-06-2026,09:06:00,18:51:00,Present
29,12-06-2026,09:14:00,14:45:00,Half-Day
30,12-06-2026,09:25:00,18:18:00,Present
1,13-06-2026,09:05:00,18:39:00,Present
2,13-06-2026,09:26:00,18:27:00,Present
3,13-06-2026,10:11:00,18:30:00,Late
4,13-06-2026,09:08:00,18:24:00,Present
5,13-06-2026,09:30:00,18:21:00,Present
6,13-06-2026,09:00:00,18:16:00,Present
7,13-06-2026,09:01:00,18:42:00,Present
8,13-06-2026,09:12:00,18:43:00,Present
9,13-06-2026,09:22:00,18:49:00,Present
10,13-06-2026,11:23:00,18:14:00,Late
11,13-06-2026,09:14:00,18:47:00,Present
12,13-06-2026,09:22:00,18:35:00,Present
13,13-06-2026,09:25:00,18:42:00,Present
14,13-06-2026,09:21:00,18:48:00,Present
15,13-06-2026,09:16:00,18:28:00,Present
16,13-06-2026,09:29:00,18:36:00,Present
17,13-06-2026,09:28:00,18:32:00,Present
18,13-06-2026,09:05:00,18:20:00,Present
19,13-06-2026,09:21:00,18:13:00,Present
20,13-06-2026,09:28:00,18:32:00,Present
21,13-06-2026,10:32:00,19:29:00,Late
22,13-06-2026,09:21:00,18:51:00,Present
23,13-06-2026,,,Absent
24,13-06-2026,,,Absent
25,13-06-2026,11:22:00,18:34:00,Late
26,13-06-2026,09:02:00,18:59:00,Present
27,13-06-2026,09:05:00,18:49:00,Present
28,13-06-2026,09:23:00,18:41:00,Present
29,13-06-2026,09:28:00,18:24:00,Present
30,13-06-2026,09:12:00,18:24:00,Present
1,15-06-2026,09:27:00,18:34:00,Present
2,15-06-2026,09:03:00,18:11:00,Present
3,15-06-2026,09:04:00,18:46:00,Present
4,15-06-2026,09:24:00,18:01:00,Present
5,15-06-2026,09:23:00,18:34:00,Present
6,15-06-2026,09:07:00,18:15:00,Present
7,15-06-2026,09:06:00,13:02:00,Half-Day
8,15-06-2026,09:24:00,18:59:00,Present
9,15-06-2026,,,Absent
10,15-06-2026,10:28:00,18:15:00,Late
11,15-06-2026,09:07:00,18:34:00,Present
12,15-06-2026,09:01:00,18:08:00,Present
13,15-06-2026,09:26:00,18:58:00,Present
14,15-06-2026,09:19:00,18:49:00,Present
15,15-06-2026,09:09:00,18:56:00,Present
16,15-06-2026,09:07:00,18:26:00,Present
17,15-06-2026,10:40:00,19:35:00,Late
18,15-06-2026,09:30:00,18:41:00,Present
19,15-06-2026,09:10:00,18:44:00,Present
20,15-06-2026,11:11:00,19:15:00,Late
21,15-06-2026,09:22:00,18:09:00,Present
22,15-06-2026,09:17:00,18:26:00,Present
23,15-06-2026,09:04:00,18:24:00,Present
24,15-06-2026,09:20:00,18:05:00,Present
25,15-06-2026,09:02:00,18:34:00,Present
26,15-06-2026,09:08:00,18:24:00,Present
27,15-06-2026,09:27:00,18:04:00,Present
28,15-06-2026,09:23:00,18:42:00,Present
29,15-06-2026,09:27:00,18:58:00,Present
30,15-06-2026,09:00:00,18:13:00,Present
1,16-06-2026,09:03:00,18:47:00,Present
2,16-06-2026,09:07:00,18:44:00,Present
3,16-06-2026,09:29:00,18:15:00,Present
4,16-06-2026,09:12:00,18:29:00,Present
5,16-06-2026,09:08:00,18:23:00,Present
6,16-06-2026,09:03:00,18:51:00,Present
7,16-06-2026,09:26:00,18:20:00,Present
8,16-06-2026,09:13:00,18:02:00,Present
9,16-06-2026,09:04:00,18:01:00,Present
10,16-06-2026,09:18:00,18:46:00,Present
11,16-06-2026,09:10:00,13:24:00,Half-Day
12,16-06-2026,09:17:00,18:41:00,Present
13,16-06-2026,09:24:00,18:52:00,Present
14,16-06-2026,09:23:00,18:31:00,Present
15,16-06-2026,09:11:00,18:10:00,Present
16,16-06-2026,09:05:00,18:58:00,Present
17,16-06-2026,09:30:00,18:03:00,Present
18,16-06-2026,09:02:00,18:52:00,Present
19,16-06-2026,09:13:00,18:08:00,Present
20,16-06-2026,09:22:00,18:09:00,PRESENT
21,16-06-2026,09:11:00,18:03:00,Present
22,16-06-2026,09:19:00,18:58:00,Present
23,16-06-2026,09:00:00,18:34:00,Present
24,16-06-2026,,,Absent
25,16-06-2026,09:09:00,18:01:00,Present
26,16-06-2026,09:13:00,18:51:00,Present
27,16-06-2026,09:29:00,13:33:00,Half-Day
28,16-06-2026,09:16:00,18:16:00,Present
29,16-06-2026,09:12:00,18:05:00,Present
30,16-06-2026,09:18:00,18:15:00,Present
1,17-06-2026,09:21:00,18:52:00,Present
2,17-06-2026,09:27:00,18:41:00,Present
3,17-06-2026,11:24:00,19:03:00,Late
4,17-06-2026,09:02:00,18:31:00,Present
5,17-06-2026,09:10:00,18:36:00,Present
6,17-06-2026,09:28:00,18:33:00,Present
7,17-06-2026,09:28:00,18:55:00,Present
8,17-06-2026,09:08:00,18:02:00,Present
9,17-06-2026,09:08:00,18:57:00,Present
10,17-06-2026,09:05:00,18:59:00,Present
11,17-06-2026,,,Absent
12,17-06-2026,11:59:00,18:19:00,Late
13,17-06-2026,09:26:00,18:54:00,Present
14,17-06-2026,09:10:00,18:24:00,Present
15,17-06-2026,10:32:00,19:03:00,Late
16,17-06-2026,09:02:00,18:21:00,Present
17,17-06-2026,09:19:00,18:25:00,Present
18,17-06-2026,09:20:00,18:17:00,Present
19,17-06-2026,09:07:00,18:22:00,Present
20,17-06-2026,09:05:00,18:43:00,Present
21,17-06-2026,09:24:00,18:39:00,Present
22,17-06-2026,09:02:00,18:05:00,Present
23,17-06-2026,09:25:00,18:40:00,Present
24,17-06-2026,09:11:00,18:06:00,Present
25,17-06-2026,09:14:00,18:23:00,Present
26,17-06-2026,10:11:00,19:28:00,Late
27,17-06-2026,09:03:00,18:01:00,Present
28,17-06-2026,09:19:00,18:38:00,Present
29,17-06-2026,09:00:00,18:18:00,Present
30,17-06-2026,09:23:00,18:57:00,Present
1,18-06-2026,09:07:00,18:36:00,Present
2,18-06-2026,09:05:00,18:08:00,Present
3,18-06-2026,09:04:00,18:04:00,Present
4,18-06-2026,09:09:00,18:30:00,Present
5,18-06-2026,09:30:00,18:15:00,Present
6,18-06-2026,09:19:00,18:12:00,Present
7,18-06-2026,10:25:00,19:53:00,Late
8,18-06-2026,09:10:00,18:28:00,Present
9,18-06-2026,09:27:00,18:41:00,Present
10,18-06-2026,11:38:00,18:30:00,Late
11,18-06-2026,09:30:00,18:20:00,Present
12,18-06-2026,09:15:00,18:36:00,Present
13,18-06-2026,09:08:00,18:52:00,Present
14,18-06-2026,09:29:00,18:36:00,Present
15,18-06-2026,09:05:00,18:43:00,Present
16,18-06-2026,,,Absent
17,18-06-2026,09:06:00,18:28:00,Present
18,18-06-2026,09:02:00,18:52:00,Present
19,18-06-2026,09:21:00,18:31:00,Present
20,18-06-2026,09:08:00,18:42:00,Present
21,18-06-2026,09:12:00,18:04:00,Present
22,18-06-2026,09:18:00,18:25:00,Present
23,18-06-2026,09:27:00,18:44:00,Present
24,18-06-2026,,,Absent
25,18-06-2026,09:25:00,18:34:00,Present
26,18-06-2026,09:03:00,18:49:00,Present
27,18-06-2026,09:05:00,18:41:00,Present
28,18-06-2026,09:20:00,18:43:00,Present
29,18-06-2026,09:10:00,18:50:00,Present
30,18-06-2026,,,Absent
1,19-06-2026,09:16:00,18:35:00,Present
2,19-06-2026,09:14:00,18:23:00,Present
3,19-06-2026,09:18:00,18:44:00,Present
4,19-06-2026,09:00:00,18:30:00,Present
5,19-06-2026,09:30:00,18:05:00,Present
6,19-06-2026,09:04:00,18:22:00,Present
7,19-06-2026,09:06:00,18:33:00,Present
8,19-06-2026,09:14:00,18:46:00,Present
9,19-06-2026,09:09:00,18:02:00,Present
10,19-06-2026,11:41:00,18:43:00,Late
11,19-06-2026,09:23:00,18:15:00,Present
12,19-06-2026,09:10:00,18:35:00,Present
13,19-06-2026,09:25:00,18:25:00,Present
14,19-06-2026,09:21:00,18:27:00,Present
15,19-06-2026,09:28:00,18:12:00,Present
16,19-06-2026,09:00:00,18:45:00,Present
17,19-06-2026,09:22:00,18:51:00,Present
18,19-06-2026,09:25:00,18:55:00,Present
19,19-06-2026,09:06:00,18:29:00,Present
20,19-06-2026,09:15:00,18:33:00,Present
21,19-06-2026,09:12:00,18:39:00,Present
22,19-06-2026,11:54:00,19:39:00,Late
23,19-06-2026,09:25:00,18:19:00,Present
24,19-06-2026,09:21:00,18:08:00,Present
25,19-06-2026,09:03:00,18:11:00,Present
26,19-06-2026,11:26:00,18:36:00,Late
27,19-06-2026,09:20:00,18:34:00,Present
28,19-06-2026,09:05:00,18:35:00,Present
29,19-06-2026,09:05:00,18:20:00,Present
30,19-06-2026,09:27:00,18:22:00,Present
1,20-06-2026,09:06:00,18:52:00,Present
2,20-06-2026,09:20:00,18:31:00,Present
3,20-06-2026,09:22:00,18:53:00,Present
4,20-06-2026,09:18:00,13:50:00,Half-Day
5,20-06-2026,09:08:00,18:14:00,Present
6,20-06-2026,09:14:00,14:35:00,Half-Day
7,20-06-2026,09:08:00,18:49:00,Present
8,20-06-2026,09:17:00,18:52:00,Present
9,20-06-2026,09:14:00,18:34:00,Present
10,20-06-2026,09:23:00,18:53:00,Present
11,20-06-2026,09:27:00,18:02:00,Present
12,20-06-2026,09:26:00,18:05:00,Present
13,20-06-2026,09:24:00,18:51:00,Present
14,20-06-2026,09:18:00,18:44:00,Present
15,20-06-2026,09:20:00,18:27:00,Present
16,20-06-2026,10:52:00,18:51:00,Late
17,20-06-2026,09:08:00,18:38:00,Present
18,20-06-2026,09:22:00,18:18:00,Present
19,20-06-2026,09:27:00,18:32:00,Present
20,20-06-2026,09:03:00,18:08:00,Present
21,20-06-2026,09:29:00,18:03:00,Present
22,20-06-2026,09:04:00,18:44:00,Present
23,20-06-2026,09:22:00,18:20:00,Present
24,20-06-2026,09:21:00,18:25:00,Present
25,20-06-2026,09:08:00,18:40:00,Present
26,20-06-2026,09:20:00,18:50:00,Present
27,20-06-2026,11:44:00,19:29:00,Late
28,20-06-2026,09:00:00,18:55:00,Present
29,20-06-2026,09:23:00,18:29:00,Present
30,20-06-2026,09:27:00,18:04:00,Present
1,22-06-2026,09:30:00,18:27:00,Present
2,22-06-2026,09:10:00,18:53:00,Present
3,22-06-2026,09:04:00,18:36:00,Present
4,22-06-2026,09:28:00,18:43:00,Present
5,22-06-2026,,,Absent
6,22-06-2026,09:00:00,18:07:00,Present
7,22-06-2026,09:14:00,13:27:00,Half-Day
8,22-06-2026,09:04:00,18:56:00,Present
9,22-06-2026,09:29:00,14:05:00,Half-Day
10,22-06-2026,09:11:00,18:42:00,Present
11,22-06-2026,09:12:00,14:46:00,Half-Day
12,22-06-2026,09:20:00,18:05:00,Present
13,22-06-2026,,,Absent
14,22-06-2026,10:33:00,19:00:00,LATE
15,22-06-2026,09:03:00,18:55:00,Present
16,22-06-2026,10:14:00,19:05:00,Late
17,22-06-2026,11:23:00,19:08:00,Late
18,22-06-2026,09:27:00,18:08:00,Present
19,22-06-2026,09:02:00,18:33:00,Present
20,22-06-2026,09:05:00,18:28:00,Present
21,22-06-2026,09:23:00,18:09:00,Present
22,22-06-2026,09:14:00,18:55:00,Present
23,22-06-2026,09:04:00,18:48:00,Present
24,22-06-2026,09:11:00,18:27:00,Present
25,22-06-2026,11:41:00,18:15:00,Late
26,22-06-2026,09:19:00,18:18:00,Present
27,22-06-2026,09:27:00,18:54:00,Present
28,22-06-2026,09:16:00,18:38:00,Present
29,22-06-2026,09:09:00,18:41:00,Present
30,22-06-2026,09:30:00,18:15:00,Present
1,23-06-2026,11:40:00,18:33:00,Late
2,23-06-2026,,,Absent
3,23-06-2026,09:12:00,18:55:00,Present
4,23-06-2026,09:17:00,18:43:00,Present
5,23-06-2026,09:24:00,18:04:00,Present 
6,23-06-2026,11:13:00,18:59:00,Late
7,23-06-2026,09:16:00,18:18:00,Present
8,23-06-2026,09:13:00,18:27:00,Present
9,23-06-2026,10:17:00,18:19:00,Late
10,23-06-2026,09:25:00,18:09:00,Present
11,23-06-2026,09:20:00,18:48:00,Present
12,23-06-2026,09:02:00,18:19:00,Present
13,23-06-2026,09:27:00,18:15:00,Present
14,23-06-2026,11:07:00,19:39:00,Late
15,23-06-2026,09:23:00,18:42:00,Present
16,23-06-2026,10:44:00,18:10:00,Late
17,23-06-2026,09:16:00,18:50:00,Present
18,23-06-2026,09:11:00,18:08:00,Present
19,23-06-2026,09:23:00,18:56:00,Present
20,23-06-2026,09:10:00,18:51:00,Present
21,23-06-2026,09:08:00,18:45:00,Present
22,23-06-2026,09:15:00,18:29:00,Present
23,23-06-2026,10:23:00,18:16:00,Late
24,23-06-2026,09:21:00,18:46:00,Present
25,23-06-2026,09:00:00,18:02:00,Present
26,23-06-2026,,,Absent
27,23-06-2026,09:29:00,18:09:00,Present
28,23-06-2026,09:01:00,18:35:00,Present
29,23-06-2026,09:20:00,18:26:00,Present
30,23-06-2026,09:29:00,18:46:00,Present
1,24-06-2026,09:18:00,18:23:00,Present
2,24-06-2026,09:01:00,18:11:00,Present
3,24-06-2026,09:01:00,18:25:00,Present
4,24-06-2026,09:09:00,18:49:00,Present
5,24-06-2026,09:17:00,18:29:00,PRESENT
6,24-06-2026,09:18:00,18:50:00,Present
7,24-06-2026,09:14:00,18:23:00,Present
8,24-06-2026,09:24:00,18:49:00,Present
9,24-06-2026,09:24:00,18:50:00,Present
10,24-06-2026,,,Absent
11,24-06-2026,09:11:00,18:40:00,Present
12,24-06-2026,09:30:00,18:21:00,PRESENT
13,24-06-2026,09:27:00,18:47:00,Present
14,24-06-2026,10:26:00,19:03:00,Late
15,24-06-2026,11:05:00,18:58:00,Late
16,24-06-2026,09:13:00,18:44:00,Present
17,24-06-2026,09:23:00,18:05:00,Present
18,24-06-2026,09:20:00,18:52:00,Present
19,24-06-2026,09:01:00,18:27:00,Present
20,24-06-2026,11:16:00,19:59:00,Late
21,24-06-2026,09:23:00,18:20:00,Present
22,24-06-2026,09:02:00,18:12:00,Present
23,24-06-2026,09:03:00,18:09:00,Present
24,24-06-2026,09:10:00,18:26:00,Present
25,24-06-2026,09:24:00,18:13:00,Present
26,24-06-2026,09:27:00,18:07:00,Present
27,24-06-2026,09:09:00,18:52:00,Present
28,24-06-2026,09:06:00,18:53:00,Present
29,24-06-2026,10:22:00,19:32:00,Late
30,24-06-2026,09:26:00,18:11:00,Present
1,25-06-2026,09:14:00,18:35:00,Present
2,25-06-2026,09:14:00,18:06:00,Present
3,25-06-2026,10:03:00,18:08:00,Late
4,25-06-2026,09:21:00,18:40:00,Present
5,25-06-2026,11:58:00,18:01:00,Late
6,25-06-2026,09:20:00,18:28:00,Present
7,25-06-2026,11:07:00,18:29:00,Late
8,25-06-2026,09:13:00,18:52:00,Present
9,25-06-2026,09:12:00,18:43:00,Present
10,25-06-2026,09:29:00,18:11:00,Present
11,25-06-2026,09:04:00,18:02:00,Present
12,25-06-2026,09:20:00,18:18:00,Present
13,25-06-2026,09:15:00,18:03:00,Present
14,25-06-2026,09:13:00,18:12:00,Present
15,25-06-2026,09:07:00,18:40:00,Present
16,25-06-2026,09:00:00,18:24:00,Present
17,25-06-2026,09:17:00,18:50:00,Present
18,25-06-2026,09:16:00,18:20:00,Present
19,25-06-2026,09:10:00,13:01:00,Half-Day
20,25-06-2026,09:01:00,18:51:00,Present
21,25-06-2026,09:24:00,18:37:00,Present
22,25-06-2026,09:03:00,18:15:00,Present
23,25-06-2026,09:26:00,18:50:00,Present
24,25-06-2026,10:36:00,19:22:00,Late
25,25-06-2026,09:05:00,18:11:00,Present
26,25-06-2026,09:23:00,18:44:00,Present
27,25-06-2026,09:22:00,18:44:00,Present
28,25-06-2026,09:04:00,18:36:00,Present
29,25-06-2026,09:25:00,18:56:00,Present
30,25-06-2026,09:05:00,18:31:00,Present
1,26-06-2026,10:01:00,19:00:00,Late
2,26-06-2026,09:25:00,18:08:00,Present
3,26-06-2026,09:25:00,14:03:00,Half-Day 
4,26-06-2026,09:29:00,18:09:00,Present
5,26-06-2026,09:27:00,18:23:00,Present
6,26-06-2026,09:30:00,18:42:00,Present
7,26-06-2026,11:20:00,18:10:00,Late
8,26-06-2026,09:20:00,18:31:00,Present
9,26-06-2026,09:30:00,14:14:00,Half-Day
10,26-06-2026,09:12:00,18:19:00,Present
11,26-06-2026,09:05:00,18:46:00,PRESENT
12,26-06-2026,09:18:00,18:25:00,Present
13,26-06-2026,09:18:00,18:02:00,Present
14,26-06-2026,09:25:00,18:39:00,Present
15,26-06-2026,09:29:00,18:31:00,Present
16,26-06-2026,09:07:00,18:22:00,Present
17,26-06-2026,09:28:00,13:52:00,Half-Day
18,26-06-2026,09:28:00,18:21:00,Present
19,26-06-2026,09:07:00,18:44:00,Present
20,26-06-2026,09:03:00,18:46:00,PRESENT
21,26-06-2026,09:23:00,18:26:00,Present
22,26-06-2026,09:15:00,18:56:00,Present
23,26-06-2026,09:03:00,18:53:00,Present
24,26-06-2026,09:20:00,18:48:00,Present
25,26-06-2026,09:02:00,13:18:00,Half-Day 
26,26-06-2026,09:03:00,18:04:00,Present
27,26-06-2026,09:05:00,18:46:00,Present
28,26-06-2026,09:02:00,18:21:00,Present
29,26-06-2026,09:15:00,18:45:00,Present
30,26-06-2026,09:05:00,18:38:00,Present
1,27-06-2026,09:03:00,14:13:00,Half-Day
2,27-06-2026,09:17:00,18:46:00,Present
3,27-06-2026,09:21:00,18:18:00,Present
4,27-06-2026,11:36:00,19:09:00,Late
5,27-06-2026,,,Absent
6,27-06-2026,09:20:00,18:38:00,Present
7,27-06-2026,10:10:00,19:05:00,Late
8,27-06-2026,11:30:00,19:57:00,Late
9,27-06-2026,11:11:00,19:56:00,Late
10,27-06-2026,09:01:00,18:16:00,Present
11,27-06-2026,09:26:00,18:17:00,Present
12,27-06-2026,09:22:00,13:05:00,Half-Day
13,27-06-2026,09:13:00,18:48:00,Present
14,27-06-2026,09:26:00,18:24:00,Present
15,27-06-2026,09:17:00,18:43:00,Present
16,27-06-2026,09:28:00,18:15:00,Present
17,27-06-2026,10:32:00,18:07:00,Late
18,27-06-2026,09:30:00,18:10:00,Present
19,27-06-2026,09:04:00,18:02:00,Present
20,27-06-2026,09:13:00,18:12:00,Present
21,27-06-2026,09:26:00,18:38:00,Present
22,27-06-2026,09:29:00,18:51:00,Present
23,27-06-2026,09:12:00,18:35:00,Present
24,27-06-2026,09:14:00,18:58:00,Present
25,27-06-2026,09:19:00,18:37:00,Present
26,27-06-2026,09:13:00,18:09:00,Present
27,27-06-2026,09:24:00,18:06:00,Present
28,27-06-2026,09:03:00,18:50:00,Present
29,27-06-2026,09:11:00,18:56:00,Present
30,27-06-2026,09:15:00,18:36:00,Present
1,29-06-2026,,,Absent
2,29-06-2026,11:02:00,19:56:00,Late
3,29-06-2026,09:01:00,18:47:00,Present
4,29-06-2026,09:11:00,18:01:00,Present
5,29-06-2026,09:09:00,18:17:00,Present
6,29-06-2026,09:21:00,18:06:00,Present
7,29-06-2026,09:09:00,18:47:00,Present
8,29-06-2026,09:08:00,18:46:00,Present
9,29-06-2026,09:06:00,18:28:00,Present
10,29-06-2026,09:23:00,18:31:00,Present
11,29-06-2026,09:26:00,18:03:00,Present
12,29-06-2026,09:09:00,14:08:00,Half-Day
13,29-06-2026,09:18:00,18:01:00,Present
14,29-06-2026,09:06:00,18:53:00,Present
15,29-06-2026,,,Absent
16,29-06-2026,09:06:00,18:17:00,Present
17,29-06-2026,09:12:00,18:40:00,Present
18,29-06-2026,09:07:00,18:23:00,Present
19,29-06-2026,09:30:00,18:55:00,Present
20,29-06-2026,09:11:00,18:10:00,Present
21,29-06-2026,09:26:00,18:44:00,Present
22,29-06-2026,,,Absent
23,29-06-2026,09:24:00,18:13:00,Present
24,29-06-2026,09:21:00,18:13:00,Present
25,29-06-2026,09:00:00,18:55:00,Present
26,29-06-2026,09:00:00,18:30:00,Present
27,29-06-2026,09:19:00,18:51:00,PRESENT
28,29-06-2026,09:25:00,18:19:00,Present
29,29-06-2026,09:08:00,18:27:00,Present
30,29-06-2026,09:14:00,18:16:00,Present
1,30-06-2026,09:16:00,18:52:00,Present
2,30-06-2026,09:00:00,18:32:00,Present
3,30-06-2026,09:26:00,18:23:00,Present
4,30-06-2026,09:09:00,18:19:00,Present
5,30-06-2026,09:10:00,18:17:00,Present
6,30-06-2026,09:08:00,18:41:00,Present
7,30-06-2026,09:09:00,18:12:00,Present
8,30-06-2026,09:28:00,18:03:00,Present
9,30-06-2026,09:19:00,18:25:00,Present
10,30-06-2026,09:23:00,18:01:00,Present
11,30-06-2026,09:08:00,18:58:00,Present
12,30-06-2026,09:01:00,18:37:00,Present
13,30-06-2026,09:06:00,18:21:00,Present
14,30-06-2026,09:17:00,18:40:00,Present
15,30-06-2026,09:21:00,18:22:00,Present
16,30-06-2026,09:26:00,18:42:00,Present
17,30-06-2026,09:03:00,18:30:00,Present
18,30-06-2026,09:25:00,18:35:00,Present
19,30-06-2026,09:21:00,18:57:00,Present
20,30-06-2026,11:14:00,19:26:00,Late
21,30-06-2026,09:08:00,18:37:00,Present
22,30-06-2026,09:15:00,18:03:00,Present
23,30-06-2026,09:30:00,18:39:00,Present
24,30-06-2026,09:16:00,18:07:00,Present
25,30-06-2026,09:09:00,18:26:00,Present
26,30-06-2026,09:04:00,18:12:00,Present
27,30-06-2026,09:28:00,18:58:00,Present
28,30-06-2026,10:49:00,18:31:00,Late
29,30-06-2026,09:10:00,18:40:00,Present
30,30-06-2026,09:06:00,18:48:00,Present
1,01-07-2026,09:05:00,18:31:00,Present
2,01-07-2026,09:04:00,18:39:00,Present
3,01-07-2026,09:13:00,18:30:00,Present
4,01-07-2026,,,Absent
5,01-07-2026,09:00:00,18:57:00,Present
6,01-07-2026,09:06:00,18:01:00,Present
7,01-07-2026,09:07:00,18:14:00,Present
8,01-07-2026,09:04:00,18:06:00,Present
9,01-07-2026,09:05:00,18:04:00,Present
10,01-07-2026,09:09:00,18:29:00,Present
11,01-07-2026,09:10:00,18:27:00,Present
12,01-07-2026,09:10:00,18:57:00,Present
13,01-07-2026,09:05:00,18:58:00,Present
14,01-07-2026,09:07:00,18:14:00,Present
15,01-07-2026,10:37:00,18:07:00,Late
16,01-07-2026,09:01:00,18:24:00,Present
17,01-07-2026,09:17:00,18:39:00,Present
18,01-07-2026,09:21:00,18:06:00,Present
19,01-07-2026,,,Absent
20,01-07-2026,09:12:00,18:07:00,Present
21,01-07-2026,09:04:00,18:13:00,Present
22,01-07-2026,09:09:00,18:26:00,Present
23,01-07-2026,09:08:00,18:39:00,Present
24,01-07-2026,10:32:00,18:18:00,Late
25,01-07-2026,10:38:00,18:49:00,Late
26,01-07-2026,09:06:00,18:22:00,Present
27,01-07-2026,09:01:00,18:35:00,Present
28,01-07-2026,09:29:00,18:30:00,Present
29,01-07-2026,,,Absent
30,01-07-2026,09:26:00,18:36:00,Present
1,02-07-2026,10:49:00,18:46:00,Late
2,02-07-2026,09:20:00,18:14:00,Present
3,02-07-2026,09:08:00,18:29:00,Present
4,02-07-2026,09:27:00,18:02:00,Present
5,02-07-2026,09:21:00,18:20:00,Present
6,02-07-2026,10:00:00,18:42:00,Late
7,02-07-2026,09:28:00,18:28:00,Present
8,02-07-2026,09:23:00,18:05:00,Present
9,02-07-2026,09:03:00,18:25:00,Present
10,02-07-2026,09:26:00,18:24:00,Present
11,02-07-2026,09:13:00,18:41:00,Present
12,02-07-2026,09:04:00,13:54:00,Half-Day
13,02-07-2026,09:18:00,18:30:00,Present
14,02-07-2026,09:05:00,18:39:00,Present
15,02-07-2026,09:00:00,18:55:00,Present
16,02-07-2026,09:28:00,18:08:00,Present
17,02-07-2026,09:28:00,18:26:00,Present
18,02-07-2026,11:00:00,18:42:00,Late
19,02-07-2026,09:22:00,18:44:00,Present
20,02-07-2026,09:23:00,18:15:00,Present
21,02-07-2026,09:20:00,18:24:00,Present
22,02-07-2026,09:28:00,18:39:00,Present
23,02-07-2026,09:05:00,18:32:00,Present
24,02-07-2026,09:27:00,18:10:00,Present
25,02-07-2026,09:07:00,18:21:00,Present
26,02-07-2026,10:35:00,19:25:00,Late
27,02-07-2026,11:51:00,19:05:00,Late
28,02-07-2026,09:03:00,18:31:00,Present
29,02-07-2026,,,Absent
30,02-07-2026,,,Absent
1,03-07-2026,09:25:00,18:38:00,Present
2,03-07-2026,09:28:00,18:32:00,Present
3,03-07-2026,09:14:00,18:21:00,Present
4,03-07-2026,10:54:00,19:21:00,Late
5,03-07-2026,09:15:00,18:45:00,Present
6,03-07-2026,09:03:00,18:06:00,Present
7,03-07-2026,09:10:00,18:22:00,Present
8,03-07-2026,09:09:00,18:35:00,Present
9,03-07-2026,09:01:00,18:57:00,Present
10,03-07-2026,11:06:00,19:39:00,Late
11,03-07-2026,11:13:00,19:52:00,Late
12,03-07-2026,09:03:00,18:48:00,Present
13,03-07-2026,09:26:00,18:43:00,Present
14,03-07-2026,09:14:00,18:29:00,Present
15,03-07-2026,09:04:00,18:31:00,PRESENT
16,03-07-2026,09:17:00,18:59:00,Present
17,03-07-2026,09:29:00,18:32:00,Present
18,03-07-2026,09:22:00,18:37:00,Present
19,03-07-2026,09:03:00,18:24:00,Present
20,03-07-2026,09:10:00,18:32:00,Present
21,03-07-2026,09:19:00,18:58:00,Present
22,03-07-2026,09:12:00,18:21:00,Present
23,03-07-2026,09:04:00,18:08:00,Present
24,03-07-2026,09:23:00,18:32:00,Present
25,03-07-2026,09:27:00,18:20:00,Present
26,03-07-2026,09:20:00,18:13:00,Present
27,03-07-2026,09:09:00,18:43:00,Present
28,03-07-2026,09:22:00,18:41:00,Present
29,03-07-2026,09:17:00,14:45:00,Half-Day
30,03-07-2026,09:15:00,18:37:00,Present
1,04-07-2026,09:13:00,18:43:00,Present
2,04-07-2026,09:09:00,18:56:00,Present
3,04-07-2026,09:16:00,18:06:00,Present 
4,04-07-2026,10:12:00,19:48:00,Late
5,04-07-2026,09:21:00,18:16:00,Present
6,04-07-2026,11:13:00,18:22:00,Late
7,04-07-2026,10:47:00,19:15:00,Late
8,04-07-2026,09:22:00,18:18:00,Present
9,04-07-2026,,,Absent
10,04-07-2026,09:25:00,18:43:00,Present
11,04-07-2026,09:00:00,18:47:00,Present
12,04-07-2026,09:24:00,18:55:00,Present
13,04-07-2026,09:29:00,18:40:00,Present
14,04-07-2026,09:24:00,18:37:00,Present
15,04-07-2026,09:24:00,18:46:00,Present
16,04-07-2026,09:05:00,18:43:00,Present
17,04-07-2026,09:23:00,18:32:00,Present
18,04-07-2026,,,Absent
19,04-07-2026,09:05:00,18:37:00,Present
20,04-07-2026,,,Absent
21,04-07-2026,09:01:00,18:09:00,Present
22,04-07-2026,09:24:00,18:59:00,Present
23,04-07-2026,09:09:00,18:31:00,Present
24,04-07-2026,09:02:00,18:50:00,Present
25,04-07-2026,09:30:00,18:11:00,Present
26,04-07-2026,09:05:00,18:26:00,Present
27,04-07-2026,09:11:00,18:14:00,Present
28,04-07-2026,09:10:00,18:23:00,Present
29,04-07-2026,09:19:00,18:33:00,Present
30,04-07-2026,09:24:00,18:41:00,PRESENT
1,06-07-2026,09:14:00,18:15:00,Present
2,06-07-2026,09:19:00,18:15:00,Present
3,06-07-2026,09:10:00,18:24:00,Present
4,06-07-2026,09:12:00,18:16:00,Present
5,06-07-2026,09:29:00,18:33:00,Present
6,06-07-2026,09:25:00,18:32:00,Present
7,06-07-2026,,,Absent
8,06-07-2026,09:16:00,18:05:00,Present
9,06-07-2026,09:30:00,13:40:00,Half-Day
10,06-07-2026,09:24:00,18:13:00,Present
11,06-07-2026,09:03:00,18:13:00,Present
12,06-07-2026,09:23:00,18:49:00,Present
13,06-07-2026,09:02:00,18:47:00,Present
14,06-07-2026,,,Absent
15,06-07-2026,,,Absent
16,06-07-2026,09:08:00,13:36:00,Half-Day
17,06-07-2026,09:13:00,18:24:00,Present
18,06-07-2026,09:10:00,18:01:00,Present
19,06-07-2026,10:41:00,18:48:00,Late
20,06-07-2026,,,Absent
21,06-07-2026,09:16:00,18:06:00,Present
22,06-07-2026,09:19:00,18:05:00,Present
23,06-07-2026,09:12:00,18:25:00,Present
24,06-07-2026,,,Absent
25,06-07-2026,09:23:00,18:25:00,Present
26,06-07-2026,09:09:00,18:40:00,Present
27,06-07-2026,09:29:00,18:50:00,Present
28,06-07-2026,09:30:00,18:00:00,Present
29,06-07-2026,09:03:00,18:02:00,PRESENT
30,06-07-2026,09:17:00,18:35:00,Present
1,07-07-2026,09:23:00,18:47:00,Present
2,07-07-2026,09:13:00,18:57:00,Present
3,07-07-2026,09:05:00,18:11:00,Present
4,07-07-2026,09:06:00,18:07:00,Present
5,07-07-2026,09:27:00,18:03:00,Present
6,07-07-2026,09:17:00,18:29:00,Present
7,07-07-2026,10:16:00,18:12:00,Late
8,07-07-2026,09:10:00,18:22:00,Present
9,07-07-2026,09:03:00,18:18:00,Present
10,07-07-2026,09:10:00,18:31:00,Present
11,07-07-2026,09:09:00,18:44:00,Present
12,07-07-2026,09:11:00,18:51:00,Present
13,07-07-2026,09:00:00,18:20:00,Present
14,07-07-2026,09:23:00,18:41:00,Present
15,07-07-2026,09:04:00,18:43:00,Present
16,07-07-2026,09:14:00,18:28:00,Present
17,07-07-2026,09:17:00,18:06:00,Present
18,07-07-2026,09:26:00,18:17:00,Present
19,07-07-2026,10:16:00,18:46:00,Late
20,07-07-2026,,,Absent
21,07-07-2026,,,Absent
22,07-07-2026,09:18:00,18:13:00,Present
23,07-07-2026,09:17:00,18:57:00,Present
24,07-07-2026,09:24:00,18:09:00,Present
25,07-07-2026,09:24:00,18:37:00,Present
26,07-07-2026,09:14:00,18:32:00,Present
27,07-07-2026,09:16:00,18:00:00,Present
28,07-07-2026,09:25:00,18:39:00,Present
29,07-07-2026,09:04:00,18:28:00,Present
30,07-07-2026,09:18:00,18:42:00,Present
1,08-07-2026,11:22:00,18:14:00,Late
2,08-07-2026,09:08:00,18:23:00,Present
3,08-07-2026,09:16:00,18:58:00,Present
4,08-07-2026,09:29:00,18:29:00,Present
5,08-07-2026,,,Absent
6,08-07-2026,11:53:00,19:37:00,Late
7,08-07-2026,09:20:00,14:23:00,Half-Day
8,08-07-2026,09:02:00,18:33:00,Present
9,08-07-2026,09:07:00,18:33:00,Present
10,08-07-2026,09:11:00,18:31:00,Present
11,08-07-2026,09:00:00,18:32:00,Present
12,08-07-2026,09:07:00,18:04:00,Present
13,08-07-2026,09:04:00,18:11:00,Present
14,08-07-2026,09:26:00,18:07:00,Present
15,08-07-2026,09:10:00,18:46:00,Present
16,08-07-2026,09:15:00,18:13:00,Present
17,08-07-2026,09:13:00,18:01:00,Present
18,08-07-2026,10:08:00,18:57:00,Late
19,08-07-2026,11:59:00,18:33:00,Late
20,08-07-2026,09:18:00,18:40:00,Present 
21,08-07-2026,09:21:00,18:52:00,Present
22,08-07-2026,11:38:00,19:55:00,Late
23,08-07-2026,09:13:00,18:38:00,Present
24,08-07-2026,09:24:00,18:11:00,Present
25,08-07-2026,09:05:00,18:46:00,Present
26,08-07-2026,09:19:00,18:37:00,Present
27,08-07-2026,09:04:00,18:06:00,Present 
28,08-07-2026,09:29:00,18:32:00,Present
29,08-07-2026,09:19:00,18:06:00,Present
30,08-07-2026,09:19:00,18:02:00,Present
1,09-07-2026,09:24:00,18:07:00,Present
2,09-07-2026,09:28:00,18:38:00,Present
3,09-07-2026,,,Absent
4,09-07-2026,09:13:00,18:33:00,Present
5,09-07-2026,09:22:00,18:33:00,Present
6,09-07-2026,09:15:00,18:50:00,Present
7,09-07-2026,09:25:00,18:47:00,Present
8,09-07-2026,09:18:00,18:06:00,Present
9,09-07-2026,09:24:00,18:14:00,Present
10,09-07-2026,11:16:00,18:00:00,Late
11,09-07-2026,09:18:00,18:33:00,Present
12,09-07-2026,,,Absent
13,09-07-2026,09:10:00,18:26:00,Present
14,09-07-2026,09:20:00,14:16:00,Half-Day
15,09-07-2026,09:11:00,18:39:00,Present
16,09-07-2026,09:24:00,18:13:00,Present
17,09-07-2026,09:15:00,18:11:00,Present
18,09-07-2026,09:08:00,18:19:00,Present
19,09-07-2026,09:12:00,18:47:00,Present
20,09-07-2026,09:03:00,18:47:00,Present
21,09-07-2026,09:30:00,18:10:00,Present
22,09-07-2026,09:25:00,18:21:00,Present
23,09-07-2026,09:21:00,18:45:00,Present
24,09-07-2026,09:20:00,18:00:00,Present
25,09-07-2026,09:15:00,18:59:00,Present
26,09-07-2026,11:14:00,19:05:00,Late
27,09-07-2026,09:29:00,18:25:00,Present
28,09-07-2026,09:22:00,18:38:00,Present
29,09-07-2026,09:05:00,18:40:00,Present
30,09-07-2026,,,Absent
1,10-07-2026,09:16:00,18:18:00,Present
2,10-07-2026,09:16:00,18:33:00,Present
3,10-07-2026,09:21:00,18:02:00,Present
4,10-07-2026,09:05:00,18:05:00,Present
5,10-07-2026,09:11:00,18:42:00,Present
6,10-07-2026,09:16:00,18:00:00,Present
7,10-07-2026,10:35:00,19:46:00,Late
8,10-07-2026,09:11:00,18:22:00,Present
9,10-07-2026,09:19:00,18:12:00,Present
10,10-07-2026,09:00:00,18:16:00,Present
11,10-07-2026,09:17:00,18:04:00,Present
12,10-07-2026,09:03:00,18:51:00,Present
13,10-07-2026,09:17:00,18:52:00,Present
14,10-07-2026,09:14:00,18:24:00,Present
15,10-07-2026,09:24:00,18:21:00,Present
16,10-07-2026,09:14:00,18:57:00,Present
17,10-07-2026,,,Absent
18,10-07-2026,10:43:00,18:51:00,Late
19,10-07-2026,09:16:00,18:34:00,PRESENT
20,10-07-2026,09:07:00,18:18:00,Present
21,10-07-2026,09:26:00,18:21:00,Present
22,10-07-2026,09:15:00,18:20:00,Present
23,10-07-2026,09:08:00,18:11:00,Present
24,10-07-2026,09:29:00,18:12:00,Present
25,10-07-2026,09:23:00,18:15:00,Present
26,10-07-2026,09:06:00,18:53:00,Present
27,10-07-2026,09:04:00,18:49:00,Present
28,10-07-2026,09:21:00,18:42:00,Present
29,10-07-2026,,,Absent
30,10-07-2026,09:27:00,18:30:00,Present
1,11-07-2026,09:28:00,18:56:00,Present
2,11-07-2026,09:15:00,18:11:00,Present
3,11-07-2026,09:08:00,18:25:00,Present
4,11-07-2026,09:01:00,18:33:00,Present
5,11-07-2026,09:17:00,18:02:00,Present
6,11-07-2026,09:21:00,18:49:00,Present
7,11-07-2026,09:22:00,18:33:00,Present
8,11-07-2026,09:00:00,18:43:00,Present
9,11-07-2026,09:10:00,18:23:00,Present
10,11-07-2026,09:17:00,18:16:00,Present
11,11-07-2026,09:19:00,18:21:00,Present
12,11-07-2026,09:06:00,18:26:00,Present
13,11-07-2026,09:27:00,18:25:00,Present
14,11-07-2026,09:04:00,13:52:00,Half-Day
15,11-07-2026,09:07:00,18:35:00,Present
16,11-07-2026,09:04:00,18:51:00,Present
17,11-07-2026,10:11:00,19:31:00,Late
18,11-07-2026,09:20:00,18:33:00,Present
19,11-07-2026,09:15:00,18:19:00,Present
20,11-07-2026,09:01:00,18:25:00,Present
21,11-07-2026,09:06:00,14:30:00,Half-Day
22,11-07-2026,11:16:00,19:23:00,Late
23,11-07-2026,09:08:00,18:22:00,Present 
24,11-07-2026,10:36:00,18:49:00,Late
25,11-07-2026,09:16:00,18:31:00,Present
26,11-07-2026,09:02:00,18:24:00,Present
27,11-07-2026,09:30:00,18:09:00,Present
28,11-07-2026,09:29:00,18:21:00,Present
29,11-07-2026,09:12:00,18:54:00,Present
30,11-07-2026,11:14:00,19:20:00,Late
1,13-07-2026,09:19:00,18:41:00,Present
2,13-07-2026,09:24:00,18:55:00,Present
3,13-07-2026,09:16:00,18:28:00,Present
4,13-07-2026,09:00:00,18:08:00,Present
5,13-07-2026,09:30:00,18:47:00,Present
6,13-07-2026,10:25:00,18:06:00,Late
7,13-07-2026,09:17:00,18:03:00,Present 
8,13-07-2026,09:24:00,18:05:00,Present
9,13-07-2026,09:02:00,18:41:00,Present
10,13-07-2026,09:07:00,18:15:00,Present
11,13-07-2026,09:04:00,18:08:00,Present
12,13-07-2026,09:01:00,14:55:00,Half-Day
13,13-07-2026,09:14:00,18:55:00,Present
14,13-07-2026,09:14:00,18:08:00,Present
15,13-07-2026,09:05:00,18:37:00,Present
16,13-07-2026,09:20:00,18:56:00,Present
17,13-07-2026,09:20:00,18:34:00,Present
18,13-07-2026,09:17:00,18:14:00,Present
19,13-07-2026,09:11:00,18:26:00,Present
20,13-07-2026,09:00:00,18:33:00,Present
21,13-07-2026,09:11:00,18:18:00,Present
22,13-07-2026,,,Absent
23,13-07-2026,09:15:00,18:19:00,PRESENT
24,13-07-2026,09:09:00,18:38:00,Present
25,13-07-2026,,,Absent
26,13-07-2026,09:17:00,18:27:00,Present
27,13-07-2026,09:23:00,14:53:00,Half-Day
28,13-07-2026,09:13:00,18:40:00,Present
29,13-07-2026,09:29:00,18:39:00,Present
30,13-07-2026,09:09:00,18:41:00,Present
1,14-07-2026,09:13:00,18:12:00,Present
2,14-07-2026,09:09:00,18:07:00,Present
3,14-07-2026,09:08:00,18:44:00,Present
4,14-07-2026,09:00:00,18:09:00,Present
5,14-07-2026,09:05:00,18:06:00,Present
6,14-07-2026,11:46:00,18:14:00,Late
7,14-07-2026,,,Absent
8,14-07-2026,09:25:00,18:51:00,Present
9,14-07-2026,09:22:00,18:50:00,Present
10,14-07-2026,10:03:00,19:49:00,Late
11,14-07-2026,09:05:00,18:12:00,Present
12,14-07-2026,09:12:00,18:53:00,PRESENT
13,14-07-2026,09:22:00,18:15:00,Present
14,14-07-2026,09:07:00,18:47:00,Present
15,14-07-2026,09:23:00,18:49:00,Present
16,14-07-2026,09:06:00,18:30:00,Present
17,14-07-2026,09:29:00,18:20:00,Present
18,14-07-2026,09:23:00,18:59:00,Present
19,14-07-2026,11:40:00,19:12:00,Late
20,14-07-2026,10:07:00,18:40:00,Late
21,14-07-2026,,,Absent
22,14-07-2026,09:12:00,18:50:00,Present
23,14-07-2026,09:18:00,18:50:00,Present
24,14-07-2026,09:04:00,18:23:00,Present
25,14-07-2026,09:15:00,18:05:00,Present
26,14-07-2026,09:24:00,18:40:00,Present
27,14-07-2026,09:04:00,18:44:00,Present
28,14-07-2026,11:14:00,19:35:00,Late
29,14-07-2026,09:25:00,18:57:00,Present
30,14-07-2026,09:22:00,18:24:00,Present
1,15-07-2026,10:31:00,19:35:00,Late
2,15-07-2026,09:06:00,18:36:00,Present
3,15-07-2026,09:23:00,18:29:00,Present
4,15-07-2026,09:29:00,18:55:00,Present
5,15-07-2026,10:28:00,19:52:00,Late
6,15-07-2026,09:00:00,18:49:00,Present
7,15-07-2026,09:05:00,18:56:00,Present 
8,15-07-2026,09:24:00,18:39:00,Present
9,15-07-2026,09:21:00,18:34:00,Present
10,15-07-2026,09:21:00,18:31:00,Present
11,15-07-2026,09:09:00,14:26:00,Half-Day
12,15-07-2026,10:02:00,18:11:00,Late
13,15-07-2026,09:15:00,18:12:00,Present
14,15-07-2026,09:26:00,18:24:00,Present
15,15-07-2026,09:22:00,18:37:00,Present
16,15-07-2026,09:19:00,18:45:00,Present
17,15-07-2026,09:06:00,18:41:00,Present
18,15-07-2026,09:02:00,18:29:00,Present
19,15-07-2026,11:52:00,19:50:00,Late
20,15-07-2026,09:08:00,18:33:00,Present
21,15-07-2026,11:04:00,18:33:00,Late
22,15-07-2026,09:17:00,18:24:00,Present
23,15-07-2026,09:07:00,18:36:00,Present
24,15-07-2026,09:23:00,14:47:00,Half-Day
25,15-07-2026,09:11:00,18:43:00,Present
26,15-07-2026,09:28:00,18:06:00,Present
27,15-07-2026,09:12:00,18:32:00,Present
28,15-07-2026,09:19:00,14:59:00,Half-Day
29,15-07-2026,09:10:00,18:54:00,Present
30,15-07-2026,09:13:00,18:52:00,Present
1,16-07-2026,09:18:00,18:34:00,Present
2,16-07-2026,09:29:00,18:47:00,Present
3,16-07-2026,09:14:00,18:25:00,PRESENT
4,16-07-2026,,,Absent
5,16-07-2026,,,Absent
6,16-07-2026,09:00:00,18:19:00,Present
7,16-07-2026,09:10:00,18:01:00,Present
8,16-07-2026,09:26:00,18:17:00,Present
9,16-07-2026,09:18:00,18:59:00,Present
10,16-07-2026,11:22:00,18:08:00,Late
11,16-07-2026,09:07:00,18:14:00,Present
12,16-07-2026,09:18:00,18:25:00,Present
13,16-07-2026,09:02:00,18:46:00,Present
14,16-07-2026,09:15:00,18:52:00,Present
15,16-07-2026,09:26:00,18:58:00,Present
16,16-07-2026,09:01:00,18:46:00,Present
17,16-07-2026,09:24:00,18:03:00,Present
18,16-07-2026,09:28:00,18:52:00,Present
19,16-07-2026,09:03:00,18:55:00,Present
20,16-07-2026,09:27:00,18:38:00,Present
21,16-07-2026,09:20:00,18:24:00,Present
22,16-07-2026,09:10:00,18:34:00,Present
23,16-07-2026,09:22:00,18:14:00,Present
24,16-07-2026,09:12:00,18:28:00,Present
25,16-07-2026,09:02:00,18:14:00,Present
26,16-07-2026,09:04:00,18:08:00,Present
27,16-07-2026,09:23:00,18:03:00,Present
28,16-07-2026,09:12:00,18:32:00,Present
29,16-07-2026,09:24:00,18:08:00,Present
30,16-07-2026,09:12:00,18:41:00,Present
1,17-07-2026,09:23:00,18:33:00,Present
2,17-07-2026,11:20:00,18:07:00,Late
3,17-07-2026,09:11:00,18:12:00,Present
4,17-07-2026,09:00:00,18:49:00,Present
5,17-07-2026,09:19:00,18:52:00,Present
6,17-07-2026,09:04:00,18:28:00,Present
7,17-07-2026,09:06:00,18:43:00,Present
8,17-07-2026,09:27:00,18:05:00,Present
9,17-07-2026,10:55:00,19:00:00,Late
10,17-07-2026,09:09:00,18:28:00,Present
11,17-07-2026,09:23:00,18:34:00,Present
12,17-07-2026,09:24:00,18:16:00,Present
13,17-07-2026,09:04:00,18:44:00,Present
14,17-07-2026,,,Absent
15,17-07-2026,09:01:00,18:16:00,Present
16,17-07-2026,09:25:00,18:44:00,Present
17,17-07-2026,10:04:00,19:42:00,Late
18,17-07-2026,09:21:00,18:23:00,Present
19,17-07-2026,,,Absent
20,17-07-2026,09:07:00,18:24:00,Present
21,17-07-2026,09:28:00,18:20:00,Present
22,17-07-2026,09:02:00,18:11:00,Present
23,17-07-2026,09:17:00,18:59:00,Present
24,17-07-2026,,,Absent
25,17-07-2026,09:15:00,18:25:00,Present
26,17-07-2026,,,Absent
27,17-07-2026,09:09:00,18:15:00,Present
28,17-07-2026,09:08:00,18:51:00,Present
29,17-07-2026,09:12:00,18:56:00,Present
30,17-07-2026,09:30:00,18:35:00,Present
1,18-07-2026,09:10:00,18:57:00,Present
2,18-07-2026,11:33:00,18:26:00,Late
3,18-07-2026,09:09:00,14:28:00,Half-Day
4,18-07-2026,09:04:00,18:37:00,Present
5,18-07-2026,09:27:00,18:08:00,Present
6,18-07-2026,09:16:00,18:58:00,Present
7,18-07-2026,09:24:00,18:09:00,Present
8,18-07-2026,09:05:00,18:20:00,Present
9,18-07-2026,09:23:00,18:07:00,Present
10,18-07-2026,09:04:00,18:46:00,Present 
11,18-07-2026,09:13:00,18:26:00,Present
12,18-07-2026,09:26:00,18:57:00,Present
13,18-07-2026,09:04:00,18:49:00,Present
14,18-07-2026,10:48:00,19:38:00,Late
15,18-07-2026,09:07:00,18:14:00,Present
16,18-07-2026,09:22:00,18:49:00,Present
17,18-07-2026,09:19:00,18:30:00,Present
18,18-07-2026,09:27:00,18:24:00,Present
19,18-07-2026,10:14:00,18:26:00,Late
20,18-07-2026,,,Absent
21,18-07-2026,09:23:00,18:42:00,Present
22,18-07-2026,09:02:00,18:11:00,Present
23,18-07-2026,09:27:00,18:39:00,Present
24,18-07-2026,09:14:00,18:56:00,Present
25,18-07-2026,09:01:00,18:38:00,Present
26,18-07-2026,09:10:00,18:25:00,Present
27,18-07-2026,09:19:00,18:34:00,Present
28,18-07-2026,09:25:00,18:02:00,Present
29,18-07-2026,09:26:00,18:56:00,Present
30,18-07-2026,09:16:00,18:34:00,Present
1,20-07-2026,09:17:00,18:24:00,Present
2,20-07-2026,09:01:00,18:12:00,Present
3,20-07-2026,09:09:00,18:49:00,Present
4,20-07-2026,09:13:00,18:18:00,Present
5,20-07-2026,10:29:00,19:05:00,Late
6,20-07-2026,10:25:00,19:20:00,Late
7,20-07-2026,09:18:00,13:56:00,Half-Day
8,20-07-2026,09:22:00,18:41:00,Present
9,20-07-2026,09:22:00,18:46:00,Present
10,20-07-2026,11:40:00,19:05:00,Late
11,20-07-2026,09:25:00,18:32:00,Present
12,20-07-2026,09:17:00,14:02:00,Half-Day
13,20-07-2026,09:18:00,18:55:00,Present
14,20-07-2026,09:27:00,13:11:00,Half-Day
15,20-07-2026,11:19:00,19:18:00,Late
16,20-07-2026,10:12:00,18:39:00,Late
17,20-07-2026,,,Absent
18,20-07-2026,09:25:00,18:00:00,Present
19,20-07-2026,09:06:00,18:37:00,Present
20,20-07-2026,09:14:00,18:05:00,Present
21,20-07-2026,,,Absent
22,20-07-2026,09:20:00,18:35:00,Present
23,20-07-2026,09:05:00,18:09:00,Present
24,20-07-2026,09:04:00,18:54:00,Present
25,20-07-2026,09:19:00,18:19:00,Present
26,20-07-2026,10:26:00,18:10:00,Late
27,20-07-2026,09:22:00,18:44:00,Present
28,20-07-2026,09:05:00,18:29:00,Present
29,20-07-2026,09:01:00,18:05:00,Present
30,20-07-2026,09:28:00,18:24:00,Present
1,21-07-2026,09:26:00,18:35:00,Present
2,21-07-2026,09:03:00,18:44:00,Present
3,21-07-2026,09:13:00,18:33:00,Present
4,21-07-2026,09:01:00,18:06:00,Present
5,21-07-2026,09:16:00,18:05:00,Present
6,21-07-2026,09:29:00,18:50:00,Present
7,21-07-2026,09:19:00,18:54:00,Present
8,21-07-2026,09:19:00,18:22:00,Present
9,21-07-2026,09:15:00,18:33:00,Present
10,21-07-2026,09:25:00,18:11:00,Present
11,21-07-2026,09:09:00,18:12:00,PRESENT
12,21-07-2026,,,Absent
13,21-07-2026,10:51:00,19:26:00,Late
14,21-07-2026,09:25:00,18:40:00,Present
15,21-07-2026,09:22:00,18:18:00,Present
16,21-07-2026,11:32:00,19:49:00,LATE
17,21-07-2026,09:10:00,18:25:00,Present
18,21-07-2026,09:00:00,18:53:00,Present
19,21-07-2026,09:10:00,18:59:00,Present
20,21-07-2026,09:25:00,18:02:00,Present
21,21-07-2026,09:20:00,18:29:00,Present
22,21-07-2026,09:10:00,18:29:00,Present
23,21-07-2026,09:23:00,18:03:00,Present
24,21-07-2026,09:23:00,18:43:00,Present
25,21-07-2026,09:06:00,18:36:00,Present
26,21-07-2026,09:28:00,18:50:00,Present
27,21-07-2026,09:08:00,18:53:00,Present
28,21-07-2026,09:20:00,18:34:00,Present
29,21-07-2026,09:12:00,18:11:00,Present
30,21-07-2026,09:24:00,18:19:00,Present
1,22-07-2026,09:01:00,18:17:00,Present
2,22-07-2026,09:07:00,18:23:00,Present
3,22-07-2026,09:06:00,18:33:00,Present
4,22-07-2026,10:49:00,18:58:00,Late
5,22-07-2026,09:25:00,18:30:00,Present
6,22-07-2026,09:10:00,14:46:00,Half-Day
7,22-07-2026,09:10:00,18:09:00,Present
8,22-07-2026,10:13:00,18:29:00,Late
9,22-07-2026,09:03:00,18:00:00,Present
10,22-07-2026,,,Absent
11,22-07-2026,09:10:00,18:29:00,Present
12,22-07-2026,11:01:00,19:40:00,Late
13,22-07-2026,09:06:00,18:18:00,Present
14,22-07-2026,09:14:00,18:42:00,Present
15,22-07-2026,11:07:00,18:39:00,Late
16,22-07-2026,11:35:00,19:17:00,Late
17,22-07-2026,09:09:00,18:36:00,Present
18,22-07-2026,11:34:00,19:03:00,Late
19,22-07-2026,09:21:00,18:03:00,Present
20,22-07-2026,11:25:00,18:45:00,Late
21,22-07-2026,09:26:00,18:44:00,Present
22,22-07-2026,09:09:00,18:21:00,Present
23,22-07-2026,09:21:00,18:51:00,Present
24,22-07-2026,09:24:00,18:48:00,Present
25,22-07-2026,11:06:00,19:19:00,Late
26,22-07-2026,09:14:00,18:30:00,Present
27,22-07-2026,09:27:00,18:57:00,Present
28,22-07-2026,09:12:00,18:11:00,Present
29,22-07-2026,09:25:00,18:55:00,Present
30,22-07-2026,09:00:00,18:04:00,Present
1,23-07-2026,09:14:00,18:54:00,Present
2,23-07-2026,09:19:00,18:36:00,Present
3,23-07-2026,10:20:00,18:50:00,Late
4,23-07-2026,09:18:00,18:26:00,Present
5,23-07-2026,09:05:00,18:30:00,Present
6,23-07-2026,09:26:00,18:44:00,Present
7,23-07-2026,09:13:00,18:36:00,Present
8,23-07-2026,09:07:00,18:11:00,Present
9,23-07-2026,11:07:00,19:20:00,Late
10,23-07-2026,09:05:00,18:19:00,Present
11,23-07-2026,10:43:00,19:20:00,Late
12,23-07-2026,09:02:00,18:13:00,Present
13,23-07-2026,09:28:00,18:48:00,Present
14,23-07-2026,,,Absent
15,23-07-2026,11:24:00,19:12:00,Late
16,23-07-2026,09:09:00,18:36:00,Present
17,23-07-2026,09:29:00,18:59:00,Present
18,23-07-2026,09:11:00,18:05:00,Present
19,23-07-2026,09:16:00,18:25:00,Present
20,23-07-2026,09:01:00,18:23:00,Present
21,23-07-2026,09:00:00,18:45:00,Present
22,23-07-2026,09:03:00,18:55:00,Present
23,23-07-2026,,,Absent
24,23-07-2026,09:20:00,18:20:00,Present
25,23-07-2026,09:13:00,18:34:00,Present
26,23-07-2026,09:04:00,13:35:00,Half-Day
27,23-07-2026,09:26:00,18:26:00,Present
28,23-07-2026,09:21:00,18:08:00,Present
29,23-07-2026,10:09:00,19:42:00,Late
30,23-07-2026,09:02:00,18:08:00,Present
1,24-07-2026,09:14:00,18:57:00,Present
2,24-07-2026,09:13:00,18:39:00,Present
3,24-07-2026,09:17:00,18:52:00,Present
4,24-07-2026,09:05:00,18:27:00,Present
5,24-07-2026,09:27:00,18:46:00,Present
6,24-07-2026,09:13:00,18:59:00,Present
7,24-07-2026,09:01:00,18:36:00,Present
8,24-07-2026,09:18:00,18:30:00,Present
9,24-07-2026,11:29:00,18:33:00,Late
10,24-07-2026,11:40:00,18:43:00,Late
11,24-07-2026,09:09:00,18:39:00,Present
12,24-07-2026,09:24:00,18:00:00,Present
13,24-07-2026,09:15:00,18:36:00,Present
14,24-07-2026,09:30:00,18:51:00,Present
15,24-07-2026,09:22:00,14:46:00,Half-Day
16,24-07-2026,09:20:00,18:30:00,Present
17,24-07-2026,09:21:00,18:18:00,Present
18,24-07-2026,09:09:00,18:31:00,Present
19,24-07-2026,09:27:00,18:50:00,Present
20,24-07-2026,11:17:00,19:00:00,Late
21,24-07-2026,09:29:00,18:37:00,Present
22,24-07-2026,09:11:00,18:51:00,Present
23,24-07-2026,09:07:00,18:31:00,Present
24,24-07-2026,09:01:00,18:21:00,Present
25,24-07-2026,09:19:00,18:59:00,Present
26,24-07-2026,09:24:00,18:26:00,Present
27,24-07-2026,09:14:00,18:46:00,Present
28,24-07-2026,09:23:00,18:53:00,Present
29,24-07-2026,09:24:00,18:52:00,Present
30,24-07-2026,09:12:00,14:19:00,Half-Day
1,25-07-2026,09:29:00,18:34:00,Present
2,25-07-2026,09:12:00,18:30:00,Present
3,25-07-2026,09:13:00,18:00:00,Present
4,25-07-2026,09:12:00,18:43:00,Present
5,25-07-2026,09:30:00,18:02:00,Present
6,25-07-2026,09:11:00,18:54:00,Present
7,25-07-2026,09:27:00,18:17:00,Present
8,25-07-2026,09:03:00,18:16:00,Present
9,25-07-2026,09:24:00,18:43:00,Present
10,25-07-2026,09:18:00,18:49:00,Present
11,25-07-2026,09:22:00,18:11:00,Present
12,25-07-2026,,,ABSENT
13,25-07-2026,11:06:00,18:43:00,Late
14,25-07-2026,09:09:00,18:16:00,Present
15,25-07-2026,,,Absent
16,25-07-2026,09:21:00,18:57:00,Present
17,25-07-2026,09:20:00,18:07:00,Present
18,25-07-2026,10:24:00,18:57:00,Late
19,25-07-2026,09:09:00,18:29:00,Present
20,25-07-2026,11:59:00,19:49:00,Late
21,25-07-2026,09:24:00,18:49:00,Present
22,25-07-2026,09:02:00,14:49:00,Half-Day
23,25-07-2026,09:01:00,18:16:00,Present
24,25-07-2026,09:14:00,18:04:00,Present
25,25-07-2026,09:19:00,18:25:00,Present
26,25-07-2026,09:04:00,18:34:00,Present
27,25-07-2026,09:20:00,18:06:00,Present
28,25-07-2026,09:03:00,18:02:00,Present
29,25-07-2026,09:08:00,18:49:00,Present
30,25-07-2026,09:04:00,18:41:00,Present
1,27-07-2026,09:21:00,18:24:00,Present
2,27-07-2026,09:28:00,18:25:00,Present
3,27-07-2026,09:30:00,18:49:00,Present
4,27-07-2026,09:27:00,18:46:00,Present
5,27-07-2026,09:17:00,18:14:00,PRESENT
6,27-07-2026,09:26:00,18:49:00,Present
7,27-07-2026,09:29:00,18:22:00,Present
8,27-07-2026,09:01:00,18:40:00,Present
9,27-07-2026,09:11:00,18:34:00,Present
10,27-07-2026,09:26:00,18:29:00,Present
11,27-07-2026,09:06:00,18:11:00,Present
12,27-07-2026,09:21:00,18:12:00,Present
13,27-07-2026,09:03:00,18:40:00,Present
14,27-07-2026,09:28:00,18:40:00,Present
15,27-07-2026,09:01:00,18:12:00,Present 
16,27-07-2026,09:07:00,18:31:00,Present
17,27-07-2026,09:20:00,18:19:00,Present
18,27-07-2026,09:25:00,18:28:00,Present
19,27-07-2026,,,Absent
20,27-07-2026,09:23:00,18:02:00,Present
21,27-07-2026,09:20:00,18:42:00,Present
22,27-07-2026,09:27:00,18:55:00,Present
23,27-07-2026,09:07:00,18:59:00,Present
24,27-07-2026,09:15:00,18:41:00,Present 
25,27-07-2026,09:19:00,18:02:00,Present
26,27-07-2026,09:00:00,18:11:00,Present
27,27-07-2026,09:26:00,18:50:00,Present
28,27-07-2026,09:26:00,18:37:00,Present
29,27-07-2026,09:03:00,18:31:00,Present
30,27-07-2026,09:02:00,18:51:00,Present
1,28-07-2026,09:26:00,18:47:00,Present
2,28-07-2026,09:21:00,18:36:00,Present
3,28-07-2026,09:30:00,18:50:00,Present
4,28-07-2026,,,Absent
5,28-07-2026,11:09:00,19:10:00,Late
6,28-07-2026,09:14:00,18:15:00,Present
7,28-07-2026,,,Absent
8,28-07-2026,09:19:00,18:24:00,Present
9,28-07-2026,,,Absent
10,28-07-2026,,,Absent
11,28-07-2026,11:26:00,19:44:00,Late
12,28-07-2026,11:33:00,19:26:00,Late
13,28-07-2026,09:22:00,13:38:00,Half-Day
14,28-07-2026,09:30:00,18:05:00,Present
15,28-07-2026,09:11:00,18:26:00,PRESENT
16,28-07-2026,09:03:00,18:33:00,Present
17,28-07-2026,09:27:00,18:48:00,Present
18,28-07-2026,09:14:00,18:49:00,Present
19,28-07-2026,09:01:00,18:12:00,Present
20,28-07-2026,11:31:00,18:10:00,Late
21,28-07-2026,,,Absent
22,28-07-2026,09:13:00,18:16:00,Present
23,28-07-2026,09:24:00,18:29:00,Present
24,28-07-2026,09:29:00,18:34:00,Present
25,28-07-2026,09:15:00,18:32:00,Present
26,28-07-2026,09:23:00,18:28:00,Present
27,28-07-2026,09:06:00,18:47:00,Present
28,28-07-2026,09:24:00,18:07:00,Present
29,28-07-2026,11:55:00,18:24:00,Late
30,28-07-2026,11:03:00,19:09:00,Late
1,29-07-2026,09:05:00,18:24:00,Present
2,29-07-2026,09:06:00,18:40:00,Present
3,29-07-2026,09:10:00,18:08:00,Present
4,29-07-2026,09:08:00,18:08:00,Present
5,29-07-2026,09:13:00,18:10:00,Present
6,29-07-2026,09:09:00,18:38:00,Present
7,29-07-2026,09:30:00,18:39:00,Present
8,29-07-2026,09:17:00,18:54:00,Present
9,29-07-2026,09:16:00,18:31:00,Present
10,29-07-2026,09:15:00,18:53:00,Present
11,29-07-2026,,,Absent
12,29-07-2026,09:07:00,18:20:00,Present
13,29-07-2026,09:29:00,18:37:00,Present
14,29-07-2026,09:28:00,18:00:00,Present
15,29-07-2026,,,Absent
16,29-07-2026,09:16:00,18:02:00,Present
17,29-07-2026,09:25:00,18:51:00,Present
18,29-07-2026,11:15:00,18:35:00,Late
19,29-07-2026,09:13:00,18:13:00,Present
20,29-07-2026,09:20:00,18:05:00,Present 
21,29-07-2026,09:05:00,18:45:00,Present
22,29-07-2026,09:18:00,18:01:00,Present
23,29-07-2026,09:04:00,18:55:00,Present
24,29-07-2026,09:27:00,18:23:00,Present
25,29-07-2026,09:00:00,18:55:00,Present
26,29-07-2026,09:22:00,18:21:00,Present
27,29-07-2026,09:24:00,18:17:00,Present
28,29-07-2026,09:18:00,18:50:00,Present
29,29-07-2026,09:19:00,18:56:00,Present
30,29-07-2026,09:16:00,18:58:00,Present
1,30-07-2026,09:03:00,18:24:00,Present
2,30-07-2026,09:11:00,18:23:00,Present
3,30-07-2026,09:02:00,18:35:00,Present
4,30-07-2026,09:10:00,18:15:00,Present
5,30-07-2026,09:23:00,18:48:00,Present
6,30-07-2026,09:06:00,18:48:00,Present
7,30-07-2026,09:11:00,18:57:00,Present
8,30-07-2026,09:08:00,18:03:00,Present
9,30-07-2026,09:15:00,18:32:00,Present
10,30-07-2026,11:28:00,19:51:00,Late
11,30-07-2026,09:30:00,18:56:00,Present
12,30-07-2026,09:14:00,18:05:00,Present
13,30-07-2026,09:09:00,18:04:00,Present
14,30-07-2026,09:22:00,18:09:00,Present
15,30-07-2026,09:16:00,18:40:00,Present 
16,30-07-2026,09:21:00,18:34:00,Present
17,30-07-2026,09:13:00,18:28:00,Present
18,30-07-2026,,,Absent
19,30-07-2026,,,Absent
20,30-07-2026,09:16:00,18:41:00,Present
21,30-07-2026,09:20:00,18:41:00,Present
22,30-07-2026,09:21:00,18:44:00,Present
23,30-07-2026,09:14:00,18:19:00,Present
24,30-07-2026,09:09:00,18:10:00,Present
25,30-07-2026,09:11:00,18:18:00,Present
26,30-07-2026,,,Absent
27,30-07-2026,09:05:00,18:39:00,Present
28,30-07-2026,09:09:00,18:11:00,Present
29,30-07-2026,09:22:00,18:57:00,Present
30,30-07-2026,09:07:00,13:02:00,Half-Day
1,31-07-2026,09:14:00,18:16:00,Present
2,31-07-2026,09:22:00,18:02:00,Present
3,31-07-2026,09:04:00,18:23:00,Present
4,31-07-2026,09:17:00,18:19:00,Present
5,31-07-2026,,,Absent
6,31-07-2026,09:30:00,18:29:00,Present
7,31-07-2026,09:23:00,14:41:00,Half-Day
8,31-07-2026,09:09:00,18:48:00,Present
9,31-07-2026,09:04:00,18:51:00,Present
10,31-07-2026,09:14:00,18:21:00,Present
11,31-07-2026,09:28:00,18:02:00,Present
12,31-07-2026,09:09:00,18:01:00,Present
13,31-07-2026,09:14:00,18:22:00,Present
14,31-07-2026,10:37:00,18:50:00,Late
15,31-07-2026,09:00:00,18:05:00,Present
16,31-07-2026,09:21:00,18:05:00,Present
17,31-07-2026,09:15:00,18:20:00,Present
18,31-07-2026,09:01:00,18:58:00,Present
19,31-07-2026,09:22:00,18:54:00,Present
20,31-07-2026,09:00:00,18:18:00,Present
21,31-07-2026,09:14:00,18:55:00,Present
22,31-07-2026,09:28:00,18:28:00,Present
23,31-07-2026,09:14:00,18:18:00,Present
24,31-07-2026,09:28:00,18:27:00,Present
25,31-07-2026,09:26:00,18:37:00,Present
26,31-07-2026,11:30:00,19:04:00,Late
27,31-07-2026,09:12:00,18:05:00,PRESENT
28,31-07-2026,09:08:00,18:26:00,Present
29,31-07-2026,09:18:00,18:48:00,Present
30,31-07-2026,09:26:00,18:24:00,Present
1,01-08-2026,09:26:00,18:52:00,Present
2,01-08-2026,09:15:00,18:35:00,Present
3,01-08-2026,09:25:00,18:00:00,Present
4,01-08-2026,09:20:00,18:53:00,Present
5,01-08-2026,11:26:00,18:31:00,Late
6,01-08-2026,09:00:00,18:07:00,Present
7,01-08-2026,09:02:00,18:38:00,Present
8,01-08-2026,09:18:00,18:27:00,Present
9,01-08-2026,09:15:00,18:44:00,Present
10,01-08-2026,09:23:00,18:36:00,Present 
11,01-08-2026,09:18:00,18:03:00,Present
12,01-08-2026,09:22:00,18:08:00,Present
13,01-08-2026,11:26:00,19:03:00,Late
14,01-08-2026,09:29:00,18:04:00,Present
15,01-08-2026,09:05:00,18:48:00,Present
16,01-08-2026,09:17:00,18:20:00,Present
17,01-08-2026,09:21:00,18:51:00,Present
18,01-08-2026,09:22:00,18:23:00,Present
19,01-08-2026,09:26:00,18:09:00,PRESENT
20,01-08-2026,09:11:00,18:49:00,Present
21,01-08-2026,09:29:00,18:10:00,Present
22,01-08-2026,09:07:00,13:50:00,Half-Day
23,01-08-2026,09:26:00,18:33:00,Present
24,01-08-2026,09:22:00,18:48:00,Present
25,01-08-2026,09:29:00,18:04:00,Present
26,01-08-2026,10:30:00,19:19:00,Late
27,01-08-2026,11:56:00,19:11:00,Late
28,01-08-2026,,,Absent
29,01-08-2026,09:27:00,18:44:00,Present
30,01-08-2026,09:04:00,18:13:00,Present
1,03-08-2026,10:04:00,18:49:00,Late
2,03-08-2026,09:06:00,18:06:00,Present
3,03-08-2026,09:18:00,18:03:00,Present
4,03-08-2026,09:01:00,18:04:00,Present
5,03-08-2026,,,Absent
6,03-08-2026,10:37:00,18:11:00,Late
7,03-08-2026,,,Absent
8,03-08-2026,09:08:00,18:37:00,Present
9,03-08-2026,09:16:00,13:32:00,Half-Day
10,03-08-2026,10:33:00,18:45:00,Late
11,03-08-2026,09:28:00,18:48:00,Present
12,03-08-2026,09:03:00,18:59:00,Present
13,03-08-2026,09:22:00,18:30:00,Present
14,03-08-2026,09:14:00,18:43:00,Present
15,03-08-2026,09:11:00,18:24:00,Present
16,03-08-2026,09:13:00,18:07:00,Present
17,03-08-2026,09:14:00,18:07:00,Present
18,03-08-2026,09:11:00,18:45:00,Present
19,03-08-2026,09:02:00,18:20:00,Present
20,03-08-2026,09:14:00,18:38:00,Present
21,03-08-2026,09:26:00,18:28:00,Present
22,03-08-2026,09:27:00,18:27:00,Present
23,03-08-2026,11:43:00,19:11:00,LATE
24,03-08-2026,09:21:00,18:06:00,Present
25,03-08-2026,09:21:00,18:05:00,Present
26,03-08-2026,09:22:00,18:37:00,Present
27,03-08-2026,09:28:00,18:10:00,Present
28,03-08-2026,09:10:00,18:12:00,Present
29,03-08-2026,09:03:00,18:14:00,Present
30,03-08-2026,09:08:00,18:48:00,Present
1,04-08-2026,09:08:00,18:48:00,Present
2,04-08-2026,09:12:00,18:22:00,Present
3,04-08-2026,09:12:00,18:31:00,Present
4,04-08-2026,11:06:00,18:16:00,Late
5,04-08-2026,09:30:00,18:08:00,Present 
6,04-08-2026,09:26:00,18:04:00,Present
7,04-08-2026,,,Absent
8,04-08-2026,09:10:00,18:09:00,Present
9,04-08-2026,09:24:00,18:04:00,Present
10,04-08-2026,09:15:00,18:50:00,Present
11,04-08-2026,09:15:00,18:31:00,Present
12,04-08-2026,09:25:00,18:55:00,Present
13,04-08-2026,,,Absent
14,04-08-2026,09:28:00,18:58:00,Present
15,04-08-2026,09:27:00,18:24:00,Present
16,04-08-2026,,,Absent
17,04-08-2026,09:24:00,18:19:00,Present
18,04-08-2026,09:13:00,13:19:00,Half-Day
19,04-08-2026,09:03:00,18:36:00,Present
20,04-08-2026,09:21:00,18:34:00,Present
21,04-08-2026,09:27:00,18:10:00,Present
22,04-08-2026,09:15:00,18:37:00,Present
23,04-08-2026,09:11:00,18:49:00,Present
24,04-08-2026,09:00:00,18:37:00,Present
25,04-08-2026,09:11:00,18:51:00,Present
26,04-08-2026,,,Absent
27,04-08-2026,09:03:00,18:27:00,Present
28,04-08-2026,09:11:00,18:03:00,Present
29,04-08-2026,09:20:00,18:19:00,Present
30,04-08-2026,09:02:00,18:55:00,Present
1,05-08-2026,09:00:00,18:34:00,Present
2,05-08-2026,09:27:00,18:27:00,Present
3,05-08-2026,09:08:00,18:01:00,Present
4,05-08-2026,09:10:00,18:24:00,Present
5,05-08-2026,09:03:00,18:51:00,Present
6,05-08-2026,09:06:00,18:21:00,Present
7,05-08-2026,09:21:00,18:21:00,Present
8,05-08-2026,09:13:00,18:12:00,Present
9,05-08-2026,09:25:00,18:04:00,Present
10,05-08-2026,09:09:00,18:16:00,Present
11,05-08-2026,09:12:00,18:51:00,Present
12,05-08-2026,09:02:00,18:45:00,Present
13,05-08-2026,11:17:00,18:36:00,Late
14,05-08-2026,09:06:00,18:22:00,Present
15,05-08-2026,09:09:00,18:32:00,Present
16,05-08-2026,09:17:00,18:20:00,Present
17,05-08-2026,09:19:00,18:32:00,Present
18,05-08-2026,09:05:00,18:56:00,Present 
19,05-08-2026,09:27:00,18:11:00,Present
20,05-08-2026,09:30:00,18:52:00,Present
21,05-08-2026,09:29:00,18:40:00,Present
22,05-08-2026,09:24:00,18:58:00,Present
23,05-08-2026,09:20:00,18:03:00,Present
24,05-08-2026,09:04:00,18:15:00,Present
25,05-08-2026,09:09:00,18:54:00,Present
26,05-08-2026,09:26:00,18:58:00,Present
27,05-08-2026,09:13:00,18:17:00,Present
28,05-08-2026,09:08:00,18:43:00,Present
29,05-08-2026,09:03:00,18:09:00,Present
30,05-08-2026,09:26:00,18:19:00,Present
1,06-08-2026,09:13:00,18:27:00,Present
2,06-08-2026,,,Absent
3,06-08-2026,11:50:00,19:42:00,Late
4,06-08-2026,09:01:00,18:46:00,Present
5,06-08-2026,,,Absent
6,06-08-2026,11:55:00,18:57:00,Late
7,06-08-2026,09:21:00,18:42:00,Present
8,06-08-2026,09:26:00,18:46:00,Present
9,06-08-2026,09:18:00,18:47:00,Present
10,06-08-2026,11:31:00,18:15:00,Late
11,06-08-2026,09:10:00,18:21:00,Present
12,06-08-2026,09:25:00,18:47:00,Present
13,06-08-2026,09:06:00,18:09:00,Present
14,06-08-2026,09:08:00,18:28:00,Present
15,06-08-2026,09:01:00,18:31:00,Present
16,06-08-2026,09:03:00,18:20:00,Present
17,06-08-2026,09:07:00,18:17:00,Present
18,06-08-2026,09:11:00,18:30:00,Present
19,06-08-2026,09:00:00,18:41:00,Present
20,06-08-2026,09:26:00,18:47:00,Present
21,06-08-2026,09:22:00,18:58:00,Present
22,06-08-2026,09:17:00,18:24:00,Present
23,06-08-2026,09:11:00,18:57:00,Present
24,06-08-2026,10:54:00,19:24:00,LATE
25,06-08-2026,09:29:00,18:58:00,Present
26,06-08-2026,10:19:00,18:55:00,Late
27,06-08-2026,09:20:00,18:20:00,Present
28,06-08-2026,09:13:00,18:50:00,Present
29,06-08-2026,09:26:00,18:49:00,Present
30,06-08-2026,09:13:00,18:59:00,Present
1,07-08-2026,09:28:00,18:58:00,Present
2,07-08-2026,09:22:00,18:16:00,Present
3,07-08-2026,09:19:00,18:46:00,Present
4,07-08-2026,09:14:00,18:44:00,Present 
5,07-08-2026,10:40:00,19:50:00,Late
6,07-08-2026,,,Absent
7,07-08-2026,09:18:00,18:05:00,Present
8,07-08-2026,09:22:00,18:49:00,Present
9,07-08-2026,09:27:00,18:38:00,Present
10,07-08-2026,09:10:00,18:28:00,Present
11,07-08-2026,09:08:00,18:11:00,Present
12,07-08-2026,09:25:00,18:18:00,Present
13,07-08-2026,09:05:00,18:25:00,Present
14,07-08-2026,09:28:00,18:36:00,Present
15,07-08-2026,09:29:00,18:35:00,Present
16,07-08-2026,09:29:00,18:05:00,Present
17,07-08-2026,09:22:00,18:54:00,Present
18,07-08-2026,09:13:00,18:38:00,Present
19,07-08-2026,11:10:00,18:00:00,Late
20,07-08-2026,09:29:00,18:59:00,Present
21,07-08-2026,09:03:00,18:14:00,Present
22,07-08-2026,09:27:00,18:52:00,Present
23,07-08-2026,09:15:00,18:24:00,Present
24,07-08-2026,09:19:00,18:13:00,Present
25,07-08-2026,09:21:00,18:12:00,Present
26,07-08-2026,09:04:00,18:01:00,Present
27,07-08-2026,09:19:00,18:28:00,Present
28,07-08-2026,09:21:00,18:41:00,Present
29,07-08-2026,,,Absent
30,07-08-2026,09:22:00,18:25:00,Present
1,08-08-2026,09:22:00,18:27:00,Present
2,08-08-2026,09:03:00,18:35:00,Present
3,08-08-2026,09:07:00,18:30:00,Present
4,08-08-2026,09:30:00,18:42:00,Present
5,08-08-2026,09:23:00,18:51:00,Present
6,08-08-2026,09:19:00,18:24:00,Present
7,08-08-2026,09:11:00,18:08:00,Present
8,08-08-2026,09:18:00,18:11:00,Present
9,08-08-2026,09:29:00,18:21:00,Present
10,08-08-2026,11:45:00,19:09:00,Late
11,08-08-2026,09:04:00,18:31:00,Present
12,08-08-2026,09:23:00,18:23:00,Present
13,08-08-2026,09:28:00,18:16:00,Present
14,08-08-2026,09:08:00,18:33:00,Present
15,08-08-2026,09:10:00,18:47:00,Present
16,08-08-2026,09:04:00,18:35:00,Present
17,08-08-2026,09:25:00,18:28:00,Present
18,08-08-2026,10:11:00,18:30:00,Late
19,08-08-2026,09:13:00,18:07:00,Present
20,08-08-2026,09:01:00,18:28:00,Present
21,08-08-2026,09:15:00,18:29:00,Present
22,08-08-2026,09:27:00,18:09:00,Present
23,08-08-2026,11:11:00,18:47:00,Late
24,08-08-2026,09:28:00,18:42:00,Present
25,08-08-2026,09:00:00,18:33:00,Present
26,08-08-2026,09:29:00,18:04:00,Present
27,08-08-2026,09:03:00,18:56:00,Present
28,08-08-2026,09:21:00,18:07:00,Present
29,08-08-2026,09:30:00,18:06:00,Present
30,08-08-2026,09:02:00,14:53:00,Half-Day
1,10-08-2026,09:20:00,18:17:00,Present
2,10-08-2026,,,Absent
3,10-08-2026,09:30:00,18:28:00,Present
4,10-08-2026,09:23:00,18:58:00,Present
5,10-08-2026,09:06:00,18:55:00,Present
6,10-08-2026,09:10:00,18:51:00,Present
7,10-08-2026,11:05:00,19:16:00,Late
8,10-08-2026,09:27:00,18:25:00,Present
9,10-08-2026,09:05:00,18:24:00,Present
10,10-08-2026,09:24:00,18:41:00,Present
11,10-08-2026,09:25:00,18:27:00,Present
12,10-08-2026,09:28:00,18:43:00,Present
13,10-08-2026,09:03:00,18:53:00,Present
14,10-08-2026,09:14:00,18:56:00,Present
15,10-08-2026,09:19:00,18:27:00,Present
16,10-08-2026,09:11:00,18:39:00,Present
17,10-08-2026,09:02:00,18:02:00,Present
18,10-08-2026,09:21:00,18:14:00,Present
19,10-08-2026,09:29:00,18:31:00,Present
20,10-08-2026,09:02:00,18:18:00,Present
21,10-08-2026,11:19:00,18:08:00,Late
22,10-08-2026,09:07:00,18:33:00,Present
23,10-08-2026,09:17:00,18:04:00,Present
24,10-08-2026,09:16:00,18:27:00,Present
25,10-08-2026,09:23:00,18:36:00,Present
26,10-08-2026,09:18:00,18:05:00,Present
27,10-08-2026,,,Absent
28,10-08-2026,09:25:00,18:11:00,Present
29,10-08-2026,,,Absent
30,10-08-2026,09:10:00,18:37:00,Present
1,11-08-2026,09:14:00,18:39:00,Present
2,11-08-2026,09:29:00,18:55:00,Present
3,11-08-2026,09:02:00,18:47:00,Present
4,11-08-2026,09:21:00,18:06:00,Present
5,11-08-2026,,,Absent
6,11-08-2026,,,Absent
7,11-08-2026,09:12:00,18:55:00,Present
8,11-08-2026,09:23:00,18:31:00,Present
9,11-08-2026,09:19:00,18:23:00,Present
10,11-08-2026,09:21:00,18:25:00,Present
11,11-08-2026,10:00:00,18:07:00,Late
12,11-08-2026,09:06:00,18:54:00,Present 
13,11-08-2026,09:04:00,18:41:00,Present
14,11-08-2026,09:27:00,18:50:00,Present
15,11-08-2026,11:09:00,19:27:00,Late 
16,11-08-2026,09:04:00,14:31:00,Half-Day
17,11-08-2026,09:18:00,18:15:00,Present
18,11-08-2026,09:26:00,18:25:00,Present
19,11-08-2026,,,Absent
20,11-08-2026,09:13:00,18:54:00,Present
21,11-08-2026,09:23:00,18:35:00,Present
22,11-08-2026,,,Absent
23,11-08-2026,09:23:00,18:39:00,Present
24,11-08-2026,09:27:00,18:31:00,Present
25,11-08-2026,10:27:00,19:35:00,Late
26,11-08-2026,09:13:00,18:56:00,Present
27,11-08-2026,09:30:00,18:41:00,Present
28,11-08-2026,09:00:00,18:10:00,Present
29,11-08-2026,09:11:00,18:28:00,Present
30,11-08-2026,09:29:00,18:43:00,Present
1,12-08-2026,09:26:00,18:45:00,Present
2,12-08-2026,11:46:00,19:26:00,Late
3,12-08-2026,09:23:00,18:23:00,Present
4,12-08-2026,09:27:00,18:10:00,Present
5,12-08-2026,09:23:00,18:05:00,Present
6,12-08-2026,10:10:00,19:06:00,Late
7,12-08-2026,09:15:00,18:19:00,Present
8,12-08-2026,09:00:00,18:22:00,Present
9,12-08-2026,09:05:00,18:11:00,Present
10,12-08-2026,09:01:00,18:51:00,Present
11,12-08-2026,09:19:00,18:14:00,Present
12,12-08-2026,09:08:00,18:21:00,Present
13,12-08-2026,09:24:00,18:56:00,Present
14,12-08-2026,09:27:00,18:44:00,Present
15,12-08-2026,09:03:00,18:45:00,Present
16,12-08-2026,09:25:00,18:29:00,Present
17,12-08-2026,09:03:00,18:50:00,Present
18,12-08-2026,09:30:00,18:06:00,Present
19,12-08-2026,,,Absent
20,12-08-2026,09:27:00,18:13:00,Present
21,12-08-2026,09:09:00,14:48:00,Half-Day
22,12-08-2026,09:03:00,18:09:00,Present
23,12-08-2026,09:04:00,18:07:00,Present
24,12-08-2026,09:13:00,18:49:00,Present
25,12-08-2026,09:25:00,18:30:00,Present
26,12-08-2026,09:02:00,18:17:00,Present
27,12-08-2026,09:11:00,18:40:00,Present
28,12-08-2026,09:24:00,14:50:00,Half-Day
29,12-08-2026,09:13:00,18:58:00,Present
30,12-08-2026,09:27:00,18:33:00,Present
1,13-08-2026,09:00:00,18:28:00,Present
2,13-08-2026,,,Absent
3,13-08-2026,09:02:00,18:21:00,Present
4,13-08-2026,09:05:00,18:27:00,Present
5,13-08-2026,09:21:00,18:59:00,Present
6,13-08-2026,09:01:00,18:40:00,Present
7,13-08-2026,09:28:00,18:33:00,Present
8,13-08-2026,09:28:00,18:43:00,Present
9,13-08-2026,09:23:00,18:47:00,Present
10,13-08-2026,09:26:00,18:17:00,Present
11,13-08-2026,09:04:00,18:44:00,Present
12,13-08-2026,09:28:00,18:34:00,Present
13,13-08-2026,09:14:00,18:44:00,Present
14,13-08-2026,09:20:00,18:25:00,Present
15,13-08-2026,09:02:00,18:02:00,Present
16,13-08-2026,09:23:00,18:47:00,Present
17,13-08-2026,09:17:00,18:18:00,Present
18,13-08-2026,09:09:00,18:33:00,Present
19,13-08-2026,09:00:00,18:01:00,Present
20,13-08-2026,09:08:00,18:15:00,Present
21,13-08-2026,09:13:00,18:32:00,Present
22,13-08-2026,11:16:00,19:07:00,Late
23,13-08-2026,09:03:00,18:28:00,Present
24,13-08-2026,09:14:00,18:21:00,Present
25,13-08-2026,09:18:00,18:36:00,Present
26,13-08-2026,09:21:00,18:34:00,Present
27,13-08-2026,09:09:00,18:18:00,Present
28,13-08-2026,09:18:00,18:43:00,Present
29,13-08-2026,09:23:00,18:15:00,Present
30,13-08-2026,09:06:00,18:52:00,Present
1,14-08-2026,09:04:00,18:45:00,Present
2,14-08-2026,09:02:00,18:03:00,Present
3,14-08-2026,10:28:00,18:23:00,Late
4,14-08-2026,09:17:00,18:33:00,Present
5,14-08-2026,09:18:00,18:31:00,Present
6,14-08-2026,09:22:00,18:59:00,Present
7,14-08-2026,09:13:00,18:52:00,Present
8,14-08-2026,09:15:00,18:45:00,Present
9,14-08-2026,09:16:00,18:55:00,Present
10,14-08-2026,09:14:00,18:30:00,Present
11,14-08-2026,09:17:00,14:58:00,Half-Day
12,14-08-2026,09:13:00,18:07:00,Present
13,14-08-2026,09:01:00,18:33:00,Present
14,14-08-2026,09:11:00,18:19:00,Present
15,14-08-2026,,,Absent
16,14-08-2026,09:13:00,18:03:00,Present
17,14-08-2026,09:09:00,18:13:00,Present
18,14-08-2026,09:00:00,18:07:00,Present
19,14-08-2026,10:26:00,19:36:00,Late
20,14-08-2026,09:10:00,18:50:00,Present
21,14-08-2026,09:26:00,18:38:00,Present
22,14-08-2026,11:48:00,19:42:00,Late
23,14-08-2026,09:10:00,18:05:00,Present
24,14-08-2026,09:13:00,18:24:00,Present
25,14-08-2026,09:17:00,18:02:00,Present
26,14-08-2026,09:23:00,18:17:00,Present
27,14-08-2026,09:22:00,18:01:00,Present
28,14-08-2026,09:22:00,18:19:00,Present
29,14-08-2026,10:12:00,18:36:00,Late
30,14-08-2026,09:16:00,18:57:00,Present 
1,15-08-2026,09:17:00,18:11:00,Present
2,15-08-2026,09:06:00,18:15:00,Present
3,15-08-2026,09:18:00,18:28:00,Present
4,15-08-2026,09:10:00,18:25:00,Present
5,15-08-2026,09:29:00,18:01:00,Present
6,15-08-2026,09:00:00,18:55:00,Present
7,15-08-2026,09:02:00,18:07:00,Present
8,15-08-2026,09:09:00,18:09:00,Present
9,15-08-2026,09:04:00,18:19:00,Present
10,15-08-2026,09:01:00,18:39:00,Present
11,15-08-2026,09:22:00,18:03:00,Present
12,15-08-2026,10:26:00,19:16:00,Late
13,15-08-2026,09:03:00,18:03:00,Present
14,15-08-2026,09:18:00,18:15:00,Present
15,15-08-2026,09:12:00,18:07:00,Present
16,15-08-2026,09:17:00,18:26:00,Present
17,15-08-2026,,,Absent
18,15-08-2026,09:00:00,18:17:00,Present
19,15-08-2026,09:03:00,18:15:00,Present
20,15-08-2026,09:04:00,18:19:00,Present
21,15-08-2026,09:27:00,18:40:00,Present
22,15-08-2026,09:04:00,18:23:00,Present
23,15-08-2026,09:07:00,14:58:00,Half-Day
24,15-08-2026,,,Absent
25,15-08-2026,09:19:00,18:18:00,Present
26,15-08-2026,09:01:00,14:17:00,Half-Day
27,15-08-2026,09:12:00,18:22:00,Present
28,15-08-2026,09:26:00,18:32:00,Present
29,15-08-2026,09:17:00,13:19:00,Half-Day
30,15-08-2026,09:26:00,18:08:00,Present
1,17-08-2026,09:28:00,18:27:00,Present
2,17-08-2026,09:25:00,18:20:00,Present
3,17-08-2026,09:20:00,18:16:00,Present
4,17-08-2026,09:08:00,18:15:00,Present
5,17-08-2026,09:06:00,18:29:00,Present
6,17-08-2026,09:29:00,18:44:00,Present
7,17-08-2026,09:19:00,18:30:00,PRESENT
8,17-08-2026,,,Absent
9,17-08-2026,09:22:00,18:45:00,Present
10,17-08-2026,09:02:00,18:50:00,Present
11,17-08-2026,09:17:00,18:01:00,Present
12,17-08-2026,09:14:00,18:43:00,Present
13,17-08-2026,09:12:00,18:52:00,Present
14,17-08-2026,09:26:00,18:49:00,Present
15,17-08-2026,09:03:00,18:29:00,Present
16,17-08-2026,09:00:00,18:14:00,Present
17,17-08-2026,09:21:00,18:58:00,Present
18,17-08-2026,09:26:00,18:39:00,Present
19,17-08-2026,09:07:00,18:14:00,Present
20,17-08-2026,09:01:00,18:17:00,Present
21,17-08-2026,09:19:00,18:13:00,PRESENT
22,17-08-2026,09:20:00,18:25:00,Present
23,17-08-2026,09:16:00,18:31:00,Present
24,17-08-2026,09:23:00,18:36:00,Present
25,17-08-2026,09:05:00,18:04:00,Present
26,17-08-2026,09:04:00,18:16:00,Present
27,17-08-2026,09:28:00,18:33:00,Present
28,17-08-2026,09:27:00,18:43:00,Present 
29,17-08-2026,09:21:00,18:34:00,Present
30,17-08-2026,09:28:00,18:29:00,PRESENT
1,18-08-2026,09:21:00,18:41:00,Present
2,18-08-2026,09:13:00,18:54:00,Present
3,18-08-2026,09:21:00,18:33:00,Present
4,18-08-2026,09:24:00,18:02:00,Present
5,18-08-2026,09:08:00,18:58:00,Present
6,18-08-2026,09:00:00,18:25:00,Present
7,18-08-2026,10:47:00,18:44:00,Late
8,18-08-2026,10:12:00,18:21:00,Late
9,18-08-2026,09:03:00,18:01:00,Present
10,18-08-2026,09:18:00,18:51:00,Present
11,18-08-2026,09:08:00,18:15:00,Present
12,18-08-2026,09:10:00,18:53:00,Present
13,18-08-2026,09:25:00,18:15:00,Present
14,18-08-2026,09:19:00,18:28:00,Present
15,18-08-2026,09:18:00,18:07:00,Present
16,18-08-2026,10:24:00,19:56:00,Late
17,18-08-2026,10:03:00,19:03:00,Late
18,18-08-2026,09:02:00,18:06:00,Present
19,18-08-2026,09:09:00,18:54:00,Present
20,18-08-2026,11:14:00,18:29:00,Late
21,18-08-2026,09:28:00,18:39:00,Present
22,18-08-2026,09:30:00,18:43:00,Present
23,18-08-2026,09:10:00,18:37:00,Present
24,18-08-2026,10:37:00,18:57:00,Late
25,18-08-2026,09:08:00,18:22:00,Present
26,18-08-2026,09:14:00,18:11:00,Present
27,18-08-2026,09:01:00,18:08:00,Present
28,18-08-2026,09:30:00,18:41:00,Present
29,18-08-2026,09:28:00,18:34:00,Present
30,18-08-2026,11:38:00,19:18:00,Late
1,19-08-2026,,,Absent
2,19-08-2026,09:01:00,18:15:00,Present
3,19-08-2026,09:27:00,18:03:00,Present
4,19-08-2026,09:06:00,18:40:00,Present
5,19-08-2026,09:10:00,18:12:00,Present
6,19-08-2026,09:14:00,18:38:00,Present
7,19-08-2026,09:18:00,18:21:00,Present
8,19-08-2026,09:05:00,18:06:00,Present
9,19-08-2026,09:01:00,18:31:00,Present
10,19-08-2026,,,Absent
11,19-08-2026,09:19:00,18:13:00,Present
12,19-08-2026,09:30:00,18:52:00,Present
13,19-08-2026,09:06:00,18:25:00,Present
14,19-08-2026,09:11:00,18:00:00,Present
15,19-08-2026,,,Absent
16,19-08-2026,09:06:00,18:40:00,Present
17,19-08-2026,09:01:00,18:01:00,Present
18,19-08-2026,09:07:00,18:56:00,Present
19,19-08-2026,09:27:00,13:11:00,Half-Day
20,19-08-2026,09:08:00,13:01:00,Half-Day
21,19-08-2026,10:21:00,18:19:00,Late
22,19-08-2026,09:11:00,18:42:00,Present
23,19-08-2026,09:25:00,18:39:00,Present
24,19-08-2026,09:02:00,18:07:00,Present
25,19-08-2026,09:25:00,18:12:00,Present
26,19-08-2026,09:11:00,18:20:00,Present
27,19-08-2026,09:07:00,18:58:00,Present
28,19-08-2026,09:06:00,18:54:00,Present
29,19-08-2026,09:10:00,18:15:00,Present
30,19-08-2026,09:27:00,18:08:00,Present
1,20-08-2026,09:28:00,18:31:00,Present
2,20-08-2026,11:50:00,18:10:00,Late
3,20-08-2026,09:20:00,18:48:00,Present
4,20-08-2026,09:14:00,18:11:00,Present
5,20-08-2026,09:22:00,18:30:00,Present
6,20-08-2026,09:08:00,18:37:00,Present
7,20-08-2026,09:18:00,18:41:00,Present
8,20-08-2026,09:06:00,18:28:00,Present
9,20-08-2026,09:09:00,18:27:00,Present
10,20-08-2026,09:29:00,18:53:00,Present
11,20-08-2026,09:04:00,18:48:00,Present
12,20-08-2026,09:11:00,18:14:00,Present
13,20-08-2026,09:19:00,18:21:00,Present
14,20-08-2026,09:13:00,18:23:00,Present
15,20-08-2026,09:12:00,18:01:00,Present
16,20-08-2026,09:20:00,18:04:00,Present
17,20-08-2026,10:50:00,19:59:00,Late
18,20-08-2026,11:02:00,18:21:00,Late
19,20-08-2026,09:09:00,18:47:00,Present
20,20-08-2026,09:08:00,18:12:00,Present
21,20-08-2026,09:27:00,18:48:00,Present
22,20-08-2026,09:08:00,18:00:00,Present
23,20-08-2026,09:11:00,18:50:00,Present
24,20-08-2026,09:26:00,18:37:00,Present
25,20-08-2026,,,Absent
26,20-08-2026,09:30:00,18:09:00,Present
27,20-08-2026,09:23:00,18:47:00,Present
28,20-08-2026,09:18:00,18:50:00,Present
29,20-08-2026,09:26:00,18:29:00,Present
30,20-08-2026,10:27:00,19:13:00,Late
1,21-08-2026,09:00:00,18:23:00,Present
2,21-08-2026,09:09:00,18:47:00,PRESENT
3,21-08-2026,09:26:00,18:22:00,Present
4,21-08-2026,09:21:00,18:48:00,Present
5,21-08-2026,09:17:00,18:19:00,Present
6,21-08-2026,,,Absent
7,21-08-2026,09:04:00,18:21:00,Present
8,21-08-2026,09:29:00,18:38:00,Present
9,21-08-2026,09:12:00,18:13:00,Present
10,21-08-2026,11:12:00,19:06:00,Late
11,21-08-2026,09:20:00,18:57:00,Present
12,21-08-2026,09:21:00,13:02:00,Half-Day
13,21-08-2026,09:00:00,18:11:00,Present
14,21-08-2026,09:12:00,18:18:00,Present
15,21-08-2026,09:16:00,18:04:00,Present
16,21-08-2026,09:00:00,18:10:00,Present
17,21-08-2026,09:12:00,18:10:00,Present
18,21-08-2026,11:30:00,18:24:00,Late
19,21-08-2026,09:04:00,18:55:00,Present
20,21-08-2026,09:22:00,18:42:00,Present
21,21-08-2026,09:30:00,18:19:00,Present
22,21-08-2026,09:21:00,18:29:00,Present
23,21-08-2026,,,Absent
24,21-08-2026,11:38:00,18:33:00,Late
25,21-08-2026,09:15:00,18:29:00,Present
26,21-08-2026,,,Absent
27,21-08-2026,09:29:00,18:29:00,Present
28,21-08-2026,09:25:00,18:19:00,Present
29,21-08-2026,09:27:00,18:11:00,Present
30,21-08-2026,09:19:00,14:29:00,Half-Day
2,23-06-2026,,,Absent
2,09-06-2026,09:12:00,18:47:00,Present
22,25-07-2026,09:02:00,14:49:00,Half-Day
29,30-05-2026,09:15:00,18:30:00,Present
22,01-07-2026,09:09:00,18:26:00,Present
17,18-06-2026,09:06:00,18:28:00,Present
12,07-07-2026,09:11:00,18:51:00,Present
13,18-08-2026,09:25:00,18:15:00,Present
26,09-07-2026,11:14:00,19:05:00,Late
4,04-06-2026,09:15:00,18:04:00,Present
20,27-06-2026,09:13:00,18:12:00,Present
12,11-08-2026,09:06:00,18:54:00,Present 
5,29-07-2026,09:13:00,18:10:00,Present
15,20-08-2026,09:12:00,18:01:00,Present
17,12-06-2026,09:20:00,14:30:00,Half-Day
